INSERT INTO user (id, email, password, name) VALUES (1, 'user1@example.com', '$2b$12$DlfRomGq65/9UE4OuZh92upSxutliGOK6w1heS7NfIGtYhQsDXfBa', '유저1');
INSERT INTO user (id, email, password, name) VALUES (2, 'user2@example.com', '$2b$12$DlfRomGq65/9UE4OuZh92upSxutliGOK6w1heS7NfIGtYhQsDXfBa', '유저2');
INSERT INTO user (id, email, password, name) VALUES (3, 'user3@example.com', '$2b$12$DlfRomGq65/9UE4OuZh92upSxutliGOK6w1heS7NfIGtYhQsDXfBa', '유저3');
INSERT INTO user (id, email, password, name) VALUES (4, 'user4@example.com', '$2b$12$DlfRomGq65/9UE4OuZh92upSxutliGOK6w1heS7NfIGtYhQsDXfBa', '유저4');
INSERT INTO user (id, email, password, name) VALUES (5, 'user5@example.com', '$2b$12$DlfRomGq65/9UE4OuZh92upSxutliGOK6w1heS7NfIGtYhQsDXfBa', '유저5');
INSERT INTO user (id, email, password, name) VALUES (6, 'user6@example.com', '$2b$12$DlfRomGq65/9UE4OuZh92upSxutliGOK6w1heS7NfIGtYhQsDXfBa', '유저6');
INSERT INTO user (id, email, password, name) VALUES (7, 'user7@example.com', '$2b$12$DlfRomGq65/9UE4OuZh92upSxutliGOK6w1heS7NfIGtYhQsDXfBa', '유저7');
INSERT INTO user (id, email, password, name) VALUES (8, 'user8@example.com', '$2b$12$DlfRomGq65/9UE4OuZh92upSxutliGOK6w1heS7NfIGtYhQsDXfBa', '유저8');
INSERT INTO user (id, email, password, name) VALUES (9, 'user9@example.com', '$2b$12$DlfRomGq65/9UE4OuZh92upSxutliGOK6w1heS7NfIGtYhQsDXfBa', '유저9');
INSERT INTO user (id, email, password, name) VALUES (10, 'user10@example.com', '$2b$12$DlfRomGq65/9UE4OuZh92upSxutliGOK6w1heS7NfIGtYhQsDXfBa', '유저10');
INSERT INTO user (id, email, password, name) VALUES (11, 'user11@example.com', '$2b$12$DlfRomGq65/9UE4OuZh92upSxutliGOK6w1heS7NfIGtYhQsDXfBa', '유저11');
INSERT INTO user (id, email, password, name) VALUES (12, 'user12@example.com', '$2b$12$DlfRomGq65/9UE4OuZh92upSxutliGOK6w1heS7NfIGtYhQsDXfBa', '유저12');
INSERT INTO user (id, email, password, name) VALUES (13, 'user13@example.com', '$2b$12$DlfRomGq65/9UE4OuZh92upSxutliGOK6w1heS7NfIGtYhQsDXfBa', '유저13');
INSERT INTO user (id, email, password, name) VALUES (14, 'user14@example.com', '$2b$12$DlfRomGq65/9UE4OuZh92upSxutliGOK6w1heS7NfIGtYhQsDXfBa', '유저14');
INSERT INTO user (id, email, password, name) VALUES (15, 'user15@example.com', '$2b$12$DlfRomGq65/9UE4OuZh92upSxutliGOK6w1heS7NfIGtYhQsDXfBa', '유저15');
INSERT INTO user (id, email, password, name) VALUES (16, 'user16@example.com', '$2b$12$DlfRomGq65/9UE4OuZh92upSxutliGOK6w1heS7NfIGtYhQsDXfBa', '유저16');
INSERT INTO user (id, email, password, name) VALUES (17, 'user17@example.com', '$2b$12$DlfRomGq65/9UE4OuZh92upSxutliGOK6w1heS7NfIGtYhQsDXfBa', '유저17');
INSERT INTO user (id, email, password, name) VALUES (18, 'user18@example.com', '$2b$12$DlfRomGq65/9UE4OuZh92upSxutliGOK6w1heS7NfIGtYhQsDXfBa', '유저18');
INSERT INTO user (id, email, password, name) VALUES (19, 'user19@example.com', '$2b$12$DlfRomGq65/9UE4OuZh92upSxutliGOK6w1heS7NfIGtYhQsDXfBa', '유저19');
INSERT INTO user (id, email, password, name) VALUES (20, 'user20@example.com', '$2b$12$DlfRomGq65/9UE4OuZh92upSxutliGOK6w1heS7NfIGtYhQsDXfBa', '유저20');
INSERT INTO user (id, email, password, name) VALUES (21, 'user21@example.com', '$2b$12$DlfRomGq65/9UE4OuZh92upSxutliGOK6w1heS7NfIGtYhQsDXfBa', '유저21');
INSERT INTO user (id, email, password, name) VALUES (22, 'user22@example.com', '$2b$12$DlfRomGq65/9UE4OuZh92upSxutliGOK6w1heS7NfIGtYhQsDXfBa', '유저22');
INSERT INTO user (id, email, password, name) VALUES (23, 'user23@example.com', '$2b$12$DlfRomGq65/9UE4OuZh92upSxutliGOK6w1heS7NfIGtYhQsDXfBa', '유저23');
INSERT INTO user (id, email, password, name) VALUES (24, 'user24@example.com', '$2b$12$DlfRomGq65/9UE4OuZh92upSxutliGOK6w1heS7NfIGtYhQsDXfBa', '유저24');
INSERT INTO user (id, email, password, name) VALUES (25, 'user25@example.com', '$2b$12$DlfRomGq65/9UE4OuZh92upSxutliGOK6w1heS7NfIGtYhQsDXfBa', '유저25');
INSERT INTO user (id, email, password, name) VALUES (26, 'user26@example.com', '$2b$12$DlfRomGq65/9UE4OuZh92upSxutliGOK6w1heS7NfIGtYhQsDXfBa', '유저26');
INSERT INTO user (id, email, password, name) VALUES (27, 'user27@example.com', '$2b$12$DlfRomGq65/9UE4OuZh92upSxutliGOK6w1heS7NfIGtYhQsDXfBa', '유저27');
INSERT INTO user (id, email, password, name) VALUES (28, 'user28@example.com', '$2b$12$DlfRomGq65/9UE4OuZh92upSxutliGOK6w1heS7NfIGtYhQsDXfBa', '유저28');
INSERT INTO user (id, email, password, name) VALUES (29, 'user29@example.com', '$2b$12$DlfRomGq65/9UE4OuZh92upSxutliGOK6w1heS7NfIGtYhQsDXfBa', '유저29');
INSERT INTO user (id, email, password, name) VALUES (30, 'user30@example.com', '$2b$12$DlfRomGq65/9UE4OuZh92upSxutliGOK6w1heS7NfIGtYhQsDXfBa', '유저30');
INSERT INTO user (id, email, password, name) VALUES (31, 'user31@example.com', '$2b$12$DlfRomGq65/9UE4OuZh92upSxutliGOK6w1heS7NfIGtYhQsDXfBa', '유저31');
INSERT INTO user (id, email, password, name) VALUES (32, 'user32@example.com', '$2b$12$DlfRomGq65/9UE4OuZh92upSxutliGOK6w1heS7NfIGtYhQsDXfBa', '유저32');
INSERT INTO user (id, email, password, name) VALUES (33, 'user33@example.com', '$2b$12$DlfRomGq65/9UE4OuZh92upSxutliGOK6w1heS7NfIGtYhQsDXfBa', '유저33');
INSERT INTO user (id, email, password, name) VALUES (34, 'user34@example.com', '$2b$12$DlfRomGq65/9UE4OuZh92upSxutliGOK6w1heS7NfIGtYhQsDXfBa', '유저34');
INSERT INTO user (id, email, password, name) VALUES (35, 'user35@example.com', '$2b$12$DlfRomGq65/9UE4OuZh92upSxutliGOK6w1heS7NfIGtYhQsDXfBa', '유저35');
INSERT INTO user (id, email, password, name) VALUES (36, 'user36@example.com', '$2b$12$DlfRomGq65/9UE4OuZh92upSxutliGOK6w1heS7NfIGtYhQsDXfBa', '유저36');
INSERT INTO user (id, email, password, name) VALUES (37, 'user37@example.com', '$2b$12$DlfRomGq65/9UE4OuZh92upSxutliGOK6w1heS7NfIGtYhQsDXfBa', '유저37');
INSERT INTO user (id, email, password, name) VALUES (38, 'user38@example.com', '$2b$12$DlfRomGq65/9UE4OuZh92upSxutliGOK6w1heS7NfIGtYhQsDXfBa', '유저38');
INSERT INTO user (id, email, password, name) VALUES (39, 'user39@example.com', '$2b$12$DlfRomGq65/9UE4OuZh92upSxutliGOK6w1heS7NfIGtYhQsDXfBa', '유저39');
INSERT INTO user (id, email, password, name) VALUES (40, 'user40@example.com', '$2b$12$DlfRomGq65/9UE4OuZh92upSxutliGOK6w1heS7NfIGtYhQsDXfBa', '유저40');
INSERT INTO user (id, email, password, name) VALUES (41, 'user41@example.com', '$2b$12$DlfRomGq65/9UE4OuZh92upSxutliGOK6w1heS7NfIGtYhQsDXfBa', '유저41');
INSERT INTO user (id, email, password, name) VALUES (42, 'user42@example.com', '$2b$12$DlfRomGq65/9UE4OuZh92upSxutliGOK6w1heS7NfIGtYhQsDXfBa', '유저42');
INSERT INTO user (id, email, password, name) VALUES (43, 'user43@example.com', '$2b$12$DlfRomGq65/9UE4OuZh92upSxutliGOK6w1heS7NfIGtYhQsDXfBa', '유저43');
INSERT INTO user (id, email, password, name) VALUES (44, 'user44@example.com', '$2b$12$DlfRomGq65/9UE4OuZh92upSxutliGOK6w1heS7NfIGtYhQsDXfBa', '유저44');
INSERT INTO user (id, email, password, name) VALUES (45, 'user45@example.com', '$2b$12$DlfRomGq65/9UE4OuZh92upSxutliGOK6w1heS7NfIGtYhQsDXfBa', '유저45');
INSERT INTO user (id, email, password, name) VALUES (46, 'user46@example.com', '$2b$12$DlfRomGq65/9UE4OuZh92upSxutliGOK6w1heS7NfIGtYhQsDXfBa', '유저46');
INSERT INTO user (id, email, password, name) VALUES (47, 'user47@example.com', '$2b$12$DlfRomGq65/9UE4OuZh92upSxutliGOK6w1heS7NfIGtYhQsDXfBa', '유저47');
INSERT INTO user (id, email, password, name) VALUES (48, 'user48@example.com', '$2b$12$DlfRomGq65/9UE4OuZh92upSxutliGOK6w1heS7NfIGtYhQsDXfBa', '유저48');
INSERT INTO user (id, email, password, name) VALUES (49, 'user49@example.com', '$2b$12$DlfRomGq65/9UE4OuZh92upSxutliGOK6w1heS7NfIGtYhQsDXfBa', '유저49');
INSERT INTO user (id, email, password, name) VALUES (50, 'user50@example.com', '$2b$12$DlfRomGq65/9UE4OuZh92upSxutliGOK6w1heS7NfIGtYhQsDXfBa', '유저50');
INSERT INTO user (id, email, password, name) VALUES (51, 'user51@example.com', '$2b$12$DlfRomGq65/9UE4OuZh92upSxutliGOK6w1heS7NfIGtYhQsDXfBa', '유저51');
INSERT INTO user (id, email, password, name) VALUES (52, 'user52@example.com', '$2b$12$DlfRomGq65/9UE4OuZh92upSxutliGOK6w1heS7NfIGtYhQsDXfBa', '유저52');
INSERT INTO user (id, email, password, name) VALUES (53, 'user53@example.com', '$2b$12$DlfRomGq65/9UE4OuZh92upSxutliGOK6w1heS7NfIGtYhQsDXfBa', '유저53');
INSERT INTO user (id, email, password, name) VALUES (54, 'user54@example.com', '$2b$12$DlfRomGq65/9UE4OuZh92upSxutliGOK6w1heS7NfIGtYhQsDXfBa', '유저54');
INSERT INTO user (id, email, password, name) VALUES (55, 'user55@example.com', '$2b$12$DlfRomGq65/9UE4OuZh92upSxutliGOK6w1heS7NfIGtYhQsDXfBa', '유저55');
INSERT INTO user (id, email, password, name) VALUES (56, 'user56@example.com', '$2b$12$DlfRomGq65/9UE4OuZh92upSxutliGOK6w1heS7NfIGtYhQsDXfBa', '유저56');
INSERT INTO user (id, email, password, name) VALUES (57, 'user57@example.com', '$2b$12$DlfRomGq65/9UE4OuZh92upSxutliGOK6w1heS7NfIGtYhQsDXfBa', '유저57');
INSERT INTO user (id, email, password, name) VALUES (58, 'user58@example.com', '$2b$12$DlfRomGq65/9UE4OuZh92upSxutliGOK6w1heS7NfIGtYhQsDXfBa', '유저58');
INSERT INTO user (id, email, password, name) VALUES (59, 'user59@example.com', '$2b$12$DlfRomGq65/9UE4OuZh92upSxutliGOK6w1heS7NfIGtYhQsDXfBa', '유저59');
INSERT INTO user (id, email, password, name) VALUES (60, 'user60@example.com', '$2b$12$DlfRomGq65/9UE4OuZh92upSxutliGOK6w1heS7NfIGtYhQsDXfBa', '유저60');
INSERT INTO user (id, email, password, name) VALUES (61, 'user61@example.com', '$2b$12$DlfRomGq65/9UE4OuZh92upSxutliGOK6w1heS7NfIGtYhQsDXfBa', '유저61');
INSERT INTO user (id, email, password, name) VALUES (62, 'user62@example.com', '$2b$12$DlfRomGq65/9UE4OuZh92upSxutliGOK6w1heS7NfIGtYhQsDXfBa', '유저62');
INSERT INTO user (id, email, password, name) VALUES (63, 'user63@example.com', '$2b$12$DlfRomGq65/9UE4OuZh92upSxutliGOK6w1heS7NfIGtYhQsDXfBa', '유저63');
INSERT INTO user (id, email, password, name) VALUES (64, 'user64@example.com', '$2b$12$DlfRomGq65/9UE4OuZh92upSxutliGOK6w1heS7NfIGtYhQsDXfBa', '유저64');
INSERT INTO user (id, email, password, name) VALUES (65, 'user65@example.com', '$2b$12$DlfRomGq65/9UE4OuZh92upSxutliGOK6w1heS7NfIGtYhQsDXfBa', '유저65');
INSERT INTO user (id, email, password, name) VALUES (66, 'user66@example.com', '$2b$12$DlfRomGq65/9UE4OuZh92upSxutliGOK6w1heS7NfIGtYhQsDXfBa', '유저66');
INSERT INTO user (id, email, password, name) VALUES (67, 'user67@example.com', '$2b$12$DlfRomGq65/9UE4OuZh92upSxutliGOK6w1heS7NfIGtYhQsDXfBa', '유저67');
INSERT INTO user (id, email, password, name) VALUES (68, 'user68@example.com', '$2b$12$DlfRomGq65/9UE4OuZh92upSxutliGOK6w1heS7NfIGtYhQsDXfBa', '유저68');
INSERT INTO user (id, email, password, name) VALUES (69, 'user69@example.com', '$2b$12$DlfRomGq65/9UE4OuZh92upSxutliGOK6w1heS7NfIGtYhQsDXfBa', '유저69');
INSERT INTO user (id, email, password, name) VALUES (70, 'user70@example.com', '$2b$12$DlfRomGq65/9UE4OuZh92upSxutliGOK6w1heS7NfIGtYhQsDXfBa', '유저70');
INSERT INTO user (id, email, password, name) VALUES (71, 'user71@example.com', '$2b$12$DlfRomGq65/9UE4OuZh92upSxutliGOK6w1heS7NfIGtYhQsDXfBa', '유저71');
INSERT INTO user (id, email, password, name) VALUES (72, 'user72@example.com', '$2b$12$DlfRomGq65/9UE4OuZh92upSxutliGOK6w1heS7NfIGtYhQsDXfBa', '유저72');
INSERT INTO user (id, email, password, name) VALUES (73, 'user73@example.com', '$2b$12$DlfRomGq65/9UE4OuZh92upSxutliGOK6w1heS7NfIGtYhQsDXfBa', '유저73');
INSERT INTO user (id, email, password, name) VALUES (74, 'user74@example.com', '$2b$12$DlfRomGq65/9UE4OuZh92upSxutliGOK6w1heS7NfIGtYhQsDXfBa', '유저74');
INSERT INTO user (id, email, password, name) VALUES (75, 'user75@example.com', '$2b$12$DlfRomGq65/9UE4OuZh92upSxutliGOK6w1heS7NfIGtYhQsDXfBa', '유저75');
INSERT INTO user (id, email, password, name) VALUES (76, 'user76@example.com', '$2b$12$DlfRomGq65/9UE4OuZh92upSxutliGOK6w1heS7NfIGtYhQsDXfBa', '유저76');
INSERT INTO user (id, email, password, name) VALUES (77, 'user77@example.com', '$2b$12$DlfRomGq65/9UE4OuZh92upSxutliGOK6w1heS7NfIGtYhQsDXfBa', '유저77');
INSERT INTO user (id, email, password, name) VALUES (78, 'user78@example.com', '$2b$12$DlfRomGq65/9UE4OuZh92upSxutliGOK6w1heS7NfIGtYhQsDXfBa', '유저78');
INSERT INTO user (id, email, password, name) VALUES (79, 'user79@example.com', '$2b$12$DlfRomGq65/9UE4OuZh92upSxutliGOK6w1heS7NfIGtYhQsDXfBa', '유저79');
INSERT INTO user (id, email, password, name) VALUES (80, 'user80@example.com', '$2b$12$DlfRomGq65/9UE4OuZh92upSxutliGOK6w1heS7NfIGtYhQsDXfBa', '유저80');
INSERT INTO user (id, email, password, name) VALUES (81, 'user81@example.com', '$2b$12$DlfRomGq65/9UE4OuZh92upSxutliGOK6w1heS7NfIGtYhQsDXfBa', '유저81');
INSERT INTO user (id, email, password, name) VALUES (82, 'user82@example.com', '$2b$12$DlfRomGq65/9UE4OuZh92upSxutliGOK6w1heS7NfIGtYhQsDXfBa', '유저82');
INSERT INTO user (id, email, password, name) VALUES (83, 'user83@example.com', '$2b$12$DlfRomGq65/9UE4OuZh92upSxutliGOK6w1heS7NfIGtYhQsDXfBa', '유저83');
INSERT INTO user (id, email, password, name) VALUES (84, 'user84@example.com', '$2b$12$DlfRomGq65/9UE4OuZh92upSxutliGOK6w1heS7NfIGtYhQsDXfBa', '유저84');
INSERT INTO user (id, email, password, name) VALUES (85, 'user85@example.com', '$2b$12$DlfRomGq65/9UE4OuZh92upSxutliGOK6w1heS7NfIGtYhQsDXfBa', '유저85');
INSERT INTO user (id, email, password, name) VALUES (86, 'user86@example.com', '$2b$12$DlfRomGq65/9UE4OuZh92upSxutliGOK6w1heS7NfIGtYhQsDXfBa', '유저86');
INSERT INTO user (id, email, password, name) VALUES (87, 'user87@example.com', '$2b$12$DlfRomGq65/9UE4OuZh92upSxutliGOK6w1heS7NfIGtYhQsDXfBa', '유저87');
INSERT INTO user (id, email, password, name) VALUES (88, 'user88@example.com', '$2b$12$DlfRomGq65/9UE4OuZh92upSxutliGOK6w1heS7NfIGtYhQsDXfBa', '유저88');
INSERT INTO user (id, email, password, name) VALUES (89, 'user89@example.com', '$2b$12$DlfRomGq65/9UE4OuZh92upSxutliGOK6w1heS7NfIGtYhQsDXfBa', '유저89');
INSERT INTO user (id, email, password, name) VALUES (90, 'user90@example.com', '$2b$12$DlfRomGq65/9UE4OuZh92upSxutliGOK6w1heS7NfIGtYhQsDXfBa', '유저90');
INSERT INTO user (id, email, password, name) VALUES (91, 'user91@example.com', '$2b$12$DlfRomGq65/9UE4OuZh92upSxutliGOK6w1heS7NfIGtYhQsDXfBa', '유저91');
INSERT INTO user (id, email, password, name) VALUES (92, 'user92@example.com', '$2b$12$DlfRomGq65/9UE4OuZh92upSxutliGOK6w1heS7NfIGtYhQsDXfBa', '유저92');
INSERT INTO user (id, email, password, name) VALUES (93, 'user93@example.com', '$2b$12$DlfRomGq65/9UE4OuZh92upSxutliGOK6w1heS7NfIGtYhQsDXfBa', '유저93');
INSERT INTO user (id, email, password, name) VALUES (94, 'user94@example.com', '$2b$12$DlfRomGq65/9UE4OuZh92upSxutliGOK6w1heS7NfIGtYhQsDXfBa', '유저94');
INSERT INTO user (id, email, password, name) VALUES (95, 'user95@example.com', '$2b$12$DlfRomGq65/9UE4OuZh92upSxutliGOK6w1heS7NfIGtYhQsDXfBa', '유저95');
INSERT INTO user (id, email, password, name) VALUES (96, 'user96@example.com', '$2b$12$DlfRomGq65/9UE4OuZh92upSxutliGOK6w1heS7NfIGtYhQsDXfBa', '유저96');
INSERT INTO user (id, email, password, name) VALUES (97, 'user97@example.com', '$2b$12$DlfRomGq65/9UE4OuZh92upSxutliGOK6w1heS7NfIGtYhQsDXfBa', '유저97');
INSERT INTO user (id, email, password, name) VALUES (98, 'user98@example.com', '$2b$12$DlfRomGq65/9UE4OuZh92upSxutliGOK6w1heS7NfIGtYhQsDXfBa', '유저98');
INSERT INTO user (id, email, password, name) VALUES (99, 'user99@example.com', '$2b$12$DlfRomGq65/9UE4OuZh92upSxutliGOK6w1heS7NfIGtYhQsDXfBa', '유저99');
INSERT INTO user (id, email, password, name) VALUES (100, 'user100@example.com', '$2b$12$DlfRomGq65/9UE4OuZh92upSxutliGOK6w1heS7NfIGtYhQsDXfBa', '유저100');

INSERT INTO post (id, user_id, title, content, created_at) VALUES (1, 63, '테스트 게시글 제목 1', '이것은 테스트 게시글 내용입니다. 번호: 1', '2025-04-16 06:32:56');
INSERT INTO post (id, user_id, title, content, created_at) VALUES (2, 73, '테스트 게시글 제목 2', '이것은 테스트 게시글 내용입니다. 번호: 2', '2025-04-28 06:32:56');
INSERT INTO post (id, user_id, title, content, created_at) VALUES (3, 39, '테스트 게시글 제목 3', '이것은 테스트 게시글 내용입니다. 번호: 3', '2025-05-08 06:32:56');
INSERT INTO post (id, user_id, title, content, created_at) VALUES (4, 44, '테스트 게시글 제목 4', '이것은 테스트 게시글 내용입니다. 번호: 4', '2025-04-17 06:32:56');
INSERT INTO post (id, user_id, title, content, created_at) VALUES (5, 51, '테스트 게시글 제목 5', '이것은 테스트 게시글 내용입니다. 번호: 5', '2025-04-16 06:32:56');
INSERT INTO post (id, user_id, title, content, created_at) VALUES (6, 96, '테스트 게시글 제목 6', '이것은 테스트 게시글 내용입니다. 번호: 6', '2025-04-30 06:32:56');
INSERT INTO post (id, user_id, title, content, created_at) VALUES (7, 90, '테스트 게시글 제목 7', '이것은 테스트 게시글 내용입니다. 번호: 7', '2025-05-10 06:32:56');
INSERT INTO post (id, user_id, title, content, created_at) VALUES (8, 27, '테스트 게시글 제목 8', '이것은 테스트 게시글 내용입니다. 번호: 8', '2025-05-01 06:32:56');
INSERT INTO post (id, user_id, title, content, created_at) VALUES (9, 29, '테스트 게시글 제목 9', '이것은 테스트 게시글 내용입니다. 번호: 9', '2025-05-06 06:32:56');
INSERT INTO post (id, user_id, title, content, created_at) VALUES (10, 9, '테스트 게시글 제목 10', '이것은 테스트 게시글 내용입니다. 번호: 10', '2025-04-21 06:32:56');
INSERT INTO post (id, user_id, title, content, created_at) VALUES (11, 75, '테스트 게시글 제목 11', '이것은 테스트 게시글 내용입니다. 번호: 11', '2025-05-02 06:32:56');
INSERT INTO post (id, user_id, title, content, created_at) VALUES (12, 34, '테스트 게시글 제목 12', '이것은 테스트 게시글 내용입니다. 번호: 12', '2025-05-01 06:32:56');
INSERT INTO post (id, user_id, title, content, created_at) VALUES (13, 99, '테스트 게시글 제목 13', '이것은 테스트 게시글 내용입니다. 번호: 13', '2025-04-19 06:32:56');
INSERT INTO post (id, user_id, title, content, created_at) VALUES (14, 75, '테스트 게시글 제목 14', '이것은 테스트 게시글 내용입니다. 번호: 14', '2025-05-11 06:32:56');
INSERT INTO post (id, user_id, title, content, created_at) VALUES (15, 19, '테스트 게시글 제목 15', '이것은 테스트 게시글 내용입니다. 번호: 15', '2025-04-25 06:32:56');
INSERT INTO post (id, user_id, title, content, created_at) VALUES (16, 14, '테스트 게시글 제목 16', '이것은 테스트 게시글 내용입니다. 번호: 16', '2025-04-18 06:32:56');
INSERT INTO post (id, user_id, title, content, created_at) VALUES (17, 77, '테스트 게시글 제목 17', '이것은 테스트 게시글 내용입니다. 번호: 17', '2025-04-29 06:32:56');
INSERT INTO post (id, user_id, title, content, created_at) VALUES (18, 16, '테스트 게시글 제목 18', '이것은 테스트 게시글 내용입니다. 번호: 18', '2025-05-14 06:32:56');
INSERT INTO post (id, user_id, title, content, created_at) VALUES (19, 5, '테스트 게시글 제목 19', '이것은 테스트 게시글 내용입니다. 번호: 19', '2025-05-12 06:32:56');
INSERT INTO post (id, user_id, title, content, created_at) VALUES (20, 2, '테스트 게시글 제목 20', '이것은 테스트 게시글 내용입니다. 번호: 20', '2025-04-26 06:32:56');
INSERT INTO post (id, user_id, title, content, created_at) VALUES (21, 76, '테스트 게시글 제목 21', '이것은 테스트 게시글 내용입니다. 번호: 21', '2025-05-03 06:32:56');
INSERT INTO post (id, user_id, title, content, created_at) VALUES (22, 19, '테스트 게시글 제목 22', '이것은 테스트 게시글 내용입니다. 번호: 22', '2025-04-23 06:32:56');
INSERT INTO post (id, user_id, title, content, created_at) VALUES (23, 4, '테스트 게시글 제목 23', '이것은 테스트 게시글 내용입니다. 번호: 23', '2025-04-27 06:32:56');
INSERT INTO post (id, user_id, title, content, created_at) VALUES (24, 44, '테스트 게시글 제목 24', '이것은 테스트 게시글 내용입니다. 번호: 24', '2025-04-26 06:32:56');
INSERT INTO post (id, user_id, title, content, created_at) VALUES (25, 71, '테스트 게시글 제목 25', '이것은 테스트 게시글 내용입니다. 번호: 25', '2025-04-16 06:32:56');
INSERT INTO post (id, user_id, title, content, created_at) VALUES (26, 35, '테스트 게시글 제목 26', '이것은 테스트 게시글 내용입니다. 번호: 26', '2025-05-11 06:32:56');
INSERT INTO post (id, user_id, title, content, created_at) VALUES (27, 9, '테스트 게시글 제목 27', '이것은 테스트 게시글 내용입니다. 번호: 27', '2025-04-15 06:32:56');
INSERT INTO post (id, user_id, title, content, created_at) VALUES (28, 95, '테스트 게시글 제목 28', '이것은 테스트 게시글 내용입니다. 번호: 28', '2025-04-30 06:32:56');
INSERT INTO post (id, user_id, title, content, created_at) VALUES (29, 61, '테스트 게시글 제목 29', '이것은 테스트 게시글 내용입니다. 번호: 29', '2025-04-19 06:32:56');
INSERT INTO post (id, user_id, title, content, created_at) VALUES (30, 53, '테스트 게시글 제목 30', '이것은 테스트 게시글 내용입니다. 번호: 30', '2025-04-16 06:32:56');
INSERT INTO post (id, user_id, title, content, created_at) VALUES (31, 79, '테스트 게시글 제목 31', '이것은 테스트 게시글 내용입니다. 번호: 31', '2025-05-14 06:32:56');
INSERT INTO post (id, user_id, title, content, created_at) VALUES (32, 72, '테스트 게시글 제목 32', '이것은 테스트 게시글 내용입니다. 번호: 32', '2025-04-21 06:32:56');
INSERT INTO post (id, user_id, title, content, created_at) VALUES (33, 6, '테스트 게시글 제목 33', '이것은 테스트 게시글 내용입니다. 번호: 33', '2025-05-02 06:32:56');
INSERT INTO post (id, user_id, title, content, created_at) VALUES (34, 20, '테스트 게시글 제목 34', '이것은 테스트 게시글 내용입니다. 번호: 34', '2025-04-20 06:32:56');
INSERT INTO post (id, user_id, title, content, created_at) VALUES (35, 11, '테스트 게시글 제목 35', '이것은 테스트 게시글 내용입니다. 번호: 35', '2025-05-12 06:32:56');
INSERT INTO post (id, user_id, title, content, created_at) VALUES (36, 31, '테스트 게시글 제목 36', '이것은 테스트 게시글 내용입니다. 번호: 36', '2025-04-29 06:32:56');
INSERT INTO post (id, user_id, title, content, created_at) VALUES (37, 63, '테스트 게시글 제목 37', '이것은 테스트 게시글 내용입니다. 번호: 37', '2025-05-01 06:32:56');
INSERT INTO post (id, user_id, title, content, created_at) VALUES (38, 70, '테스트 게시글 제목 38', '이것은 테스트 게시글 내용입니다. 번호: 38', '2025-04-15 06:32:56');
INSERT INTO post (id, user_id, title, content, created_at) VALUES (39, 16, '테스트 게시글 제목 39', '이것은 테스트 게시글 내용입니다. 번호: 39', '2025-04-20 06:32:56');
INSERT INTO post (id, user_id, title, content, created_at) VALUES (40, 69, '테스트 게시글 제목 40', '이것은 테스트 게시글 내용입니다. 번호: 40', '2025-04-23 06:32:56');
INSERT INTO post (id, user_id, title, content, created_at) VALUES (41, 84, '테스트 게시글 제목 41', '이것은 테스트 게시글 내용입니다. 번호: 41', '2025-04-29 06:32:56');
INSERT INTO post (id, user_id, title, content, created_at) VALUES (42, 89, '테스트 게시글 제목 42', '이것은 테스트 게시글 내용입니다. 번호: 42', '2025-05-11 06:32:56');
INSERT INTO post (id, user_id, title, content, created_at) VALUES (43, 38, '테스트 게시글 제목 43', '이것은 테스트 게시글 내용입니다. 번호: 43', '2025-05-10 06:32:56');
INSERT INTO post (id, user_id, title, content, created_at) VALUES (44, 34, '테스트 게시글 제목 44', '이것은 테스트 게시글 내용입니다. 번호: 44', '2025-05-11 06:32:56');
INSERT INTO post (id, user_id, title, content, created_at) VALUES (45, 7, '테스트 게시글 제목 45', '이것은 테스트 게시글 내용입니다. 번호: 45', '2025-05-04 06:32:56');
INSERT INTO post (id, user_id, title, content, created_at) VALUES (46, 59, '테스트 게시글 제목 46', '이것은 테스트 게시글 내용입니다. 번호: 46', '2025-04-19 06:32:56');
INSERT INTO post (id, user_id, title, content, created_at) VALUES (47, 93, '테스트 게시글 제목 47', '이것은 테스트 게시글 내용입니다. 번호: 47', '2025-05-11 06:32:56');
INSERT INTO post (id, user_id, title, content, created_at) VALUES (48, 64, '테스트 게시글 제목 48', '이것은 테스트 게시글 내용입니다. 번호: 48', '2025-04-25 06:32:56');
INSERT INTO post (id, user_id, title, content, created_at) VALUES (49, 2, '테스트 게시글 제목 49', '이것은 테스트 게시글 내용입니다. 번호: 49', '2025-04-28 06:32:56');
INSERT INTO post (id, user_id, title, content, created_at) VALUES (50, 31, '테스트 게시글 제목 50', '이것은 테스트 게시글 내용입니다. 번호: 50', '2025-05-11 06:32:56');
INSERT INTO post (id, user_id, title, content, created_at) VALUES (51, 93, '테스트 게시글 제목 51', '이것은 테스트 게시글 내용입니다. 번호: 51', '2025-04-28 06:32:56');
INSERT INTO post (id, user_id, title, content, created_at) VALUES (52, 14, '테스트 게시글 제목 52', '이것은 테스트 게시글 내용입니다. 번호: 52', '2025-04-21 06:32:56');
INSERT INTO post (id, user_id, title, content, created_at) VALUES (53, 51, '테스트 게시글 제목 53', '이것은 테스트 게시글 내용입니다. 번호: 53', '2025-05-07 06:32:56');
INSERT INTO post (id, user_id, title, content, created_at) VALUES (54, 93, '테스트 게시글 제목 54', '이것은 테스트 게시글 내용입니다. 번호: 54', '2025-04-14 06:32:56');
INSERT INTO post (id, user_id, title, content, created_at) VALUES (55, 81, '테스트 게시글 제목 55', '이것은 테스트 게시글 내용입니다. 번호: 55', '2025-05-12 06:32:56');
INSERT INTO post (id, user_id, title, content, created_at) VALUES (56, 96, '테스트 게시글 제목 56', '이것은 테스트 게시글 내용입니다. 번호: 56', '2025-05-11 06:32:56');
INSERT INTO post (id, user_id, title, content, created_at) VALUES (57, 62, '테스트 게시글 제목 57', '이것은 테스트 게시글 내용입니다. 번호: 57', '2025-05-02 06:32:56');
INSERT INTO post (id, user_id, title, content, created_at) VALUES (58, 98, '테스트 게시글 제목 58', '이것은 테스트 게시글 내용입니다. 번호: 58', '2025-04-30 06:32:56');
INSERT INTO post (id, user_id, title, content, created_at) VALUES (59, 52, '테스트 게시글 제목 59', '이것은 테스트 게시글 내용입니다. 번호: 59', '2025-05-05 06:32:56');
INSERT INTO post (id, user_id, title, content, created_at) VALUES (60, 48, '테스트 게시글 제목 60', '이것은 테스트 게시글 내용입니다. 번호: 60', '2025-05-11 06:32:56');
INSERT INTO post (id, user_id, title, content, created_at) VALUES (61, 95, '테스트 게시글 제목 61', '이것은 테스트 게시글 내용입니다. 번호: 61', '2025-04-17 06:32:56');
INSERT INTO post (id, user_id, title, content, created_at) VALUES (62, 93, '테스트 게시글 제목 62', '이것은 테스트 게시글 내용입니다. 번호: 62', '2025-04-30 06:32:56');
INSERT INTO post (id, user_id, title, content, created_at) VALUES (63, 47, '테스트 게시글 제목 63', '이것은 테스트 게시글 내용입니다. 번호: 63', '2025-05-04 06:32:56');
INSERT INTO post (id, user_id, title, content, created_at) VALUES (64, 14, '테스트 게시글 제목 64', '이것은 테스트 게시글 내용입니다. 번호: 64', '2025-04-28 06:32:56');
INSERT INTO post (id, user_id, title, content, created_at) VALUES (65, 45, '테스트 게시글 제목 65', '이것은 테스트 게시글 내용입니다. 번호: 65', '2025-05-03 06:32:56');
INSERT INTO post (id, user_id, title, content, created_at) VALUES (66, 54, '테스트 게시글 제목 66', '이것은 테스트 게시글 내용입니다. 번호: 66', '2025-05-08 06:32:56');
INSERT INTO post (id, user_id, title, content, created_at) VALUES (67, 43, '테스트 게시글 제목 67', '이것은 테스트 게시글 내용입니다. 번호: 67', '2025-05-14 06:32:56');
INSERT INTO post (id, user_id, title, content, created_at) VALUES (68, 2, '테스트 게시글 제목 68', '이것은 테스트 게시글 내용입니다. 번호: 68', '2025-05-02 06:32:56');
INSERT INTO post (id, user_id, title, content, created_at) VALUES (69, 61, '테스트 게시글 제목 69', '이것은 테스트 게시글 내용입니다. 번호: 69', '2025-05-13 06:32:56');
INSERT INTO post (id, user_id, title, content, created_at) VALUES (70, 98, '테스트 게시글 제목 70', '이것은 테스트 게시글 내용입니다. 번호: 70', '2025-05-09 06:32:56');
INSERT INTO post (id, user_id, title, content, created_at) VALUES (71, 91, '테스트 게시글 제목 71', '이것은 테스트 게시글 내용입니다. 번호: 71', '2025-04-21 06:32:56');
INSERT INTO post (id, user_id, title, content, created_at) VALUES (72, 52, '테스트 게시글 제목 72', '이것은 테스트 게시글 내용입니다. 번호: 72', '2025-04-22 06:32:56');
INSERT INTO post (id, user_id, title, content, created_at) VALUES (73, 92, '테스트 게시글 제목 73', '이것은 테스트 게시글 내용입니다. 번호: 73', '2025-04-22 06:32:56');
INSERT INTO post (id, user_id, title, content, created_at) VALUES (74, 90, '테스트 게시글 제목 74', '이것은 테스트 게시글 내용입니다. 번호: 74', '2025-04-26 06:32:56');
INSERT INTO post (id, user_id, title, content, created_at) VALUES (75, 100, '테스트 게시글 제목 75', '이것은 테스트 게시글 내용입니다. 번호: 75', '2025-04-25 06:32:56');
INSERT INTO post (id, user_id, title, content, created_at) VALUES (76, 58, '테스트 게시글 제목 76', '이것은 테스트 게시글 내용입니다. 번호: 76', '2025-05-05 06:32:56');
INSERT INTO post (id, user_id, title, content, created_at) VALUES (77, 37, '테스트 게시글 제목 77', '이것은 테스트 게시글 내용입니다. 번호: 77', '2025-04-16 06:32:56');
INSERT INTO post (id, user_id, title, content, created_at) VALUES (78, 2, '테스트 게시글 제목 78', '이것은 테스트 게시글 내용입니다. 번호: 78', '2025-04-30 06:32:56');
INSERT INTO post (id, user_id, title, content, created_at) VALUES (79, 27, '테스트 게시글 제목 79', '이것은 테스트 게시글 내용입니다. 번호: 79', '2025-05-11 06:32:56');
INSERT INTO post (id, user_id, title, content, created_at) VALUES (80, 29, '테스트 게시글 제목 80', '이것은 테스트 게시글 내용입니다. 번호: 80', '2025-04-15 06:32:56');
INSERT INTO post (id, user_id, title, content, created_at) VALUES (81, 30, '테스트 게시글 제목 81', '이것은 테스트 게시글 내용입니다. 번호: 81', '2025-04-20 06:32:56');
INSERT INTO post (id, user_id, title, content, created_at) VALUES (82, 53, '테스트 게시글 제목 82', '이것은 테스트 게시글 내용입니다. 번호: 82', '2025-04-16 06:32:56');
INSERT INTO post (id, user_id, title, content, created_at) VALUES (83, 60, '테스트 게시글 제목 83', '이것은 테스트 게시글 내용입니다. 번호: 83', '2025-04-15 06:32:56');
INSERT INTO post (id, user_id, title, content, created_at) VALUES (84, 31, '테스트 게시글 제목 84', '이것은 테스트 게시글 내용입니다. 번호: 84', '2025-04-17 06:32:56');
INSERT INTO post (id, user_id, title, content, created_at) VALUES (85, 75, '테스트 게시글 제목 85', '이것은 테스트 게시글 내용입니다. 번호: 85', '2025-05-13 06:32:56');
INSERT INTO post (id, user_id, title, content, created_at) VALUES (86, 70, '테스트 게시글 제목 86', '이것은 테스트 게시글 내용입니다. 번호: 86', '2025-05-13 06:32:56');
INSERT INTO post (id, user_id, title, content, created_at) VALUES (87, 13, '테스트 게시글 제목 87', '이것은 테스트 게시글 내용입니다. 번호: 87', '2025-04-21 06:32:56');
INSERT INTO post (id, user_id, title, content, created_at) VALUES (88, 45, '테스트 게시글 제목 88', '이것은 테스트 게시글 내용입니다. 번호: 88', '2025-05-04 06:32:56');
INSERT INTO post (id, user_id, title, content, created_at) VALUES (89, 54, '테스트 게시글 제목 89', '이것은 테스트 게시글 내용입니다. 번호: 89', '2025-04-29 06:32:56');
INSERT INTO post (id, user_id, title, content, created_at) VALUES (90, 9, '테스트 게시글 제목 90', '이것은 테스트 게시글 내용입니다. 번호: 90', '2025-05-10 06:32:56');
INSERT INTO post (id, user_id, title, content, created_at) VALUES (91, 67, '테스트 게시글 제목 91', '이것은 테스트 게시글 내용입니다. 번호: 91', '2025-04-24 06:32:56');
INSERT INTO post (id, user_id, title, content, created_at) VALUES (92, 99, '테스트 게시글 제목 92', '이것은 테스트 게시글 내용입니다. 번호: 92', '2025-04-16 06:32:56');
INSERT INTO post (id, user_id, title, content, created_at) VALUES (93, 54, '테스트 게시글 제목 93', '이것은 테스트 게시글 내용입니다. 번호: 93', '2025-05-09 06:32:56');
INSERT INTO post (id, user_id, title, content, created_at) VALUES (94, 73, '테스트 게시글 제목 94', '이것은 테스트 게시글 내용입니다. 번호: 94', '2025-05-06 06:32:56');
INSERT INTO post (id, user_id, title, content, created_at) VALUES (95, 51, '테스트 게시글 제목 95', '이것은 테스트 게시글 내용입니다. 번호: 95', '2025-04-18 06:32:56');
INSERT INTO post (id, user_id, title, content, created_at) VALUES (96, 17, '테스트 게시글 제목 96', '이것은 테스트 게시글 내용입니다. 번호: 96', '2025-04-14 06:32:56');
INSERT INTO post (id, user_id, title, content, created_at) VALUES (97, 96, '테스트 게시글 제목 97', '이것은 테스트 게시글 내용입니다. 번호: 97', '2025-04-19 06:32:56');
INSERT INTO post (id, user_id, title, content, created_at) VALUES (98, 51, '테스트 게시글 제목 98', '이것은 테스트 게시글 내용입니다. 번호: 98', '2025-04-21 06:32:56');
INSERT INTO post (id, user_id, title, content, created_at) VALUES (99, 57, '테스트 게시글 제목 99', '이것은 테스트 게시글 내용입니다. 번호: 99', '2025-05-01 06:32:56');
INSERT INTO post (id, user_id, title, content, created_at) VALUES (100, 80, '테스트 게시글 제목 100', '이것은 테스트 게시글 내용입니다. 번호: 100', '2025-04-16 06:32:56');
INSERT INTO comment (user_id, post_id, content, created_at) VALUES (85, 19, '이것은 댓글 내용 1', '2025-05-10 08:04:25');
INSERT INTO comment (user_id, post_id, content, created_at) VALUES (98, 35, '이것은 댓글 내용 2', '2025-05-09 08:04:25');
INSERT INTO comment (user_id, post_id, content, created_at) VALUES (7, 81, '이것은 댓글 내용 3', '2025-05-12 08:04:25');
INSERT INTO comment (user_id, post_id, content, created_at) VALUES (82, 19, '이것은 댓글 내용 4', '2025-05-06 08:04:25');
INSERT INTO comment (user_id, post_id, content, created_at) VALUES (75, 77, '이것은 댓글 내용 5', '2025-05-08 08:04:25');
INSERT INTO comment (user_id, post_id, content, created_at) VALUES (49, 60, '이것은 댓글 내용 6', '2025-05-05 08:04:25');
INSERT INTO comment (user_id, post_id, content, created_at) VALUES (32, 1, '이것은 댓글 내용 7', '2025-05-11 08:04:25');
INSERT INTO comment (user_id, post_id, content, created_at) VALUES (98, 12, '이것은 댓글 내용 8', '2025-05-08 08:04:25');
INSERT INTO comment (user_id, post_id, content, created_at) VALUES (61, 66, '이것은 댓글 내용 9', '2025-05-06 08:04:25');
INSERT INTO comment (user_id, post_id, content, created_at) VALUES (8, 63, '이것은 댓글 내용 10', '2025-05-08 08:04:25');
INSERT INTO comment (user_id, post_id, content, created_at) VALUES (53, 100, '이것은 댓글 내용 11', '2025-05-14 08:04:25');
INSERT INTO comment (user_id, post_id, content, created_at) VALUES (69, 89, '이것은 댓글 내용 12', '2025-05-11 08:04:25');
INSERT INTO comment (user_id, post_id, content, created_at) VALUES (61, 27, '이것은 댓글 내용 13', '2025-05-13 08:04:25');
INSERT INTO comment (user_id, post_id, content, created_at) VALUES (97, 52, '이것은 댓글 내용 14', '2025-05-09 08:04:25');
INSERT INTO comment (user_id, post_id, content, created_at) VALUES (57, 54, '이것은 댓글 내용 15', '2025-05-14 08:04:25');
INSERT INTO comment (user_id, post_id, content, created_at) VALUES (50, 66, '이것은 댓글 내용 16', '2025-05-14 08:04:25');
INSERT INTO comment (user_id, post_id, content, created_at) VALUES (67, 85, '이것은 댓글 내용 17', '2025-05-10 08:04:25');
INSERT INTO comment (user_id, post_id, content, created_at) VALUES (16, 12, '이것은 댓글 내용 18', '2025-05-07 08:04:25');
INSERT INTO comment (user_id, post_id, content, created_at) VALUES (89, 86, '이것은 댓글 내용 19', '2025-05-09 08:04:25');
INSERT INTO comment (user_id, post_id, content, created_at) VALUES (66, 92, '이것은 댓글 내용 20', '2025-05-08 08:04:25');
INSERT INTO comment (user_id, post_id, content, created_at) VALUES (30, 73, '이것은 댓글 내용 21', '2025-05-13 08:04:25');
INSERT INTO comment (user_id, post_id, content, created_at) VALUES (66, 76, '이것은 댓글 내용 22', '2025-05-09 08:04:25');
INSERT INTO comment (user_id, post_id, content, created_at) VALUES (17, 25, '이것은 댓글 내용 23', '2025-05-06 08:04:25');
INSERT INTO comment (user_id, post_id, content, created_at) VALUES (32, 21, '이것은 댓글 내용 24', '2025-05-04 08:04:25');
INSERT INTO comment (user_id, post_id, content, created_at) VALUES (48, 63, '이것은 댓글 내용 25', '2025-05-06 08:04:25');
INSERT INTO comment (user_id, post_id, content, created_at) VALUES (66, 22, '이것은 댓글 내용 26', '2025-05-06 08:04:25');
INSERT INTO comment (user_id, post_id, content, created_at) VALUES (62, 56, '이것은 댓글 내용 27', '2025-05-04 08:04:25');
INSERT INTO comment (user_id, post_id, content, created_at) VALUES (17, 41, '이것은 댓글 내용 28', '2025-05-10 08:04:25');
INSERT INTO comment (user_id, post_id, content, created_at) VALUES (33, 43, '이것은 댓글 내용 29', '2025-05-08 08:04:25');
INSERT INTO comment (user_id, post_id, content, created_at) VALUES (92, 33, '이것은 댓글 내용 30', '2025-05-10 08:04:25');
INSERT INTO comment (user_id, post_id, content, created_at) VALUES (20, 10, '이것은 댓글 내용 31', '2025-05-11 08:04:25');
INSERT INTO comment (user_id, post_id, content, created_at) VALUES (21, 5, '이것은 댓글 내용 32', '2025-05-04 08:04:25');
INSERT INTO comment (user_id, post_id, content, created_at) VALUES (83, 13, '이것은 댓글 내용 33', '2025-05-10 08:04:25');
INSERT INTO comment (user_id, post_id, content, created_at) VALUES (13, 95, '이것은 댓글 내용 34', '2025-05-12 08:04:25');
INSERT INTO comment (user_id, post_id, content, created_at) VALUES (29, 30, '이것은 댓글 내용 35', '2025-05-14 08:04:25');
INSERT INTO comment (user_id, post_id, content, created_at) VALUES (95, 24, '이것은 댓글 내용 36', '2025-05-11 08:04:25');
INSERT INTO comment (user_id, post_id, content, created_at) VALUES (22, 24, '이것은 댓글 내용 37', '2025-05-08 08:04:25');
INSERT INTO comment (user_id, post_id, content, created_at) VALUES (20, 20, '이것은 댓글 내용 38', '2025-05-06 08:04:25');
INSERT INTO comment (user_id, post_id, content, created_at) VALUES (23, 82, '이것은 댓글 내용 39', '2025-05-08 08:04:25');
INSERT INTO comment (user_id, post_id, content, created_at) VALUES (53, 11, '이것은 댓글 내용 40', '2025-05-10 08:04:25');
INSERT INTO comment (user_id, post_id, content, created_at) VALUES (66, 59, '이것은 댓글 내용 41', '2025-05-07 08:04:25');
INSERT INTO comment (user_id, post_id, content, created_at) VALUES (25, 49, '이것은 댓글 내용 42', '2025-05-06 08:04:25');
INSERT INTO comment (user_id, post_id, content, created_at) VALUES (89, 12, '이것은 댓글 내용 43', '2025-05-08 08:04:25');
INSERT INTO comment (user_id, post_id, content, created_at) VALUES (35, 27, '이것은 댓글 내용 44', '2025-05-14 08:04:25');
INSERT INTO comment (user_id, post_id, content, created_at) VALUES (38, 33, '이것은 댓글 내용 45', '2025-05-07 08:04:25');
INSERT INTO comment (user_id, post_id, content, created_at) VALUES (56, 71, '이것은 댓글 내용 46', '2025-05-11 08:04:25');
INSERT INTO comment (user_id, post_id, content, created_at) VALUES (19, 63, '이것은 댓글 내용 47', '2025-05-10 08:04:25');
INSERT INTO comment (user_id, post_id, content, created_at) VALUES (59, 24, '이것은 댓글 내용 48', '2025-05-08 08:04:25');
INSERT INTO comment (user_id, post_id, content, created_at) VALUES (41, 64, '이것은 댓글 내용 49', '2025-05-07 08:04:25');
INSERT INTO comment (user_id, post_id, content, created_at) VALUES (26, 93, '이것은 댓글 내용 50', '2025-05-12 08:04:25');
INSERT INTO comment (user_id, post_id, content, created_at) VALUES (38, 84, '이것은 댓글 내용 51', '2025-05-09 08:04:25');
INSERT INTO comment (user_id, post_id, content, created_at) VALUES (74, 87, '이것은 댓글 내용 52', '2025-05-13 08:04:25');
INSERT INTO comment (user_id, post_id, content, created_at) VALUES (95, 45, '이것은 댓글 내용 53', '2025-05-06 08:04:25');
INSERT INTO comment (user_id, post_id, content, created_at) VALUES (42, 46, '이것은 댓글 내용 54', '2025-05-13 08:04:25');
INSERT INTO comment (user_id, post_id, content, created_at) VALUES (99, 54, '이것은 댓글 내용 55', '2025-05-07 08:04:25');
INSERT INTO comment (user_id, post_id, content, created_at) VALUES (34, 27, '이것은 댓글 내용 56', '2025-05-05 08:04:25');
INSERT INTO comment (user_id, post_id, content, created_at) VALUES (86, 52, '이것은 댓글 내용 57', '2025-05-05 08:04:25');
INSERT INTO comment (user_id, post_id, content, created_at) VALUES (23, 43, '이것은 댓글 내용 58', '2025-05-07 08:04:25');
INSERT INTO comment (user_id, post_id, content, created_at) VALUES (2, 17, '이것은 댓글 내용 59', '2025-05-08 08:04:25');
INSERT INTO comment (user_id, post_id, content, created_at) VALUES (69, 13, '이것은 댓글 내용 60', '2025-05-13 08:04:25');
INSERT INTO comment (user_id, post_id, content, created_at) VALUES (20, 87, '이것은 댓글 내용 61', '2025-05-06 08:04:25');
INSERT INTO comment (user_id, post_id, content, created_at) VALUES (51, 81, '이것은 댓글 내용 62', '2025-05-06 08:04:25');
INSERT INTO comment (user_id, post_id, content, created_at) VALUES (64, 87, '이것은 댓글 내용 63', '2025-05-13 08:04:25');
INSERT INTO comment (user_id, post_id, content, created_at) VALUES (7, 5, '이것은 댓글 내용 64', '2025-05-06 08:04:25');
INSERT INTO comment (user_id, post_id, content, created_at) VALUES (93, 8, '이것은 댓글 내용 65', '2025-05-04 08:04:25');
INSERT INTO comment (user_id, post_id, content, created_at) VALUES (51, 87, '이것은 댓글 내용 66', '2025-05-08 08:04:25');
INSERT INTO comment (user_id, post_id, content, created_at) VALUES (76, 66, '이것은 댓글 내용 67', '2025-05-12 08:04:25');
INSERT INTO comment (user_id, post_id, content, created_at) VALUES (18, 41, '이것은 댓글 내용 68', '2025-05-06 08:04:25');
INSERT INTO comment (user_id, post_id, content, created_at) VALUES (29, 23, '이것은 댓글 내용 69', '2025-05-07 08:04:25');
INSERT INTO comment (user_id, post_id, content, created_at) VALUES (73, 7, '이것은 댓글 내용 70', '2025-05-05 08:04:25');
INSERT INTO comment (user_id, post_id, content, created_at) VALUES (7, 5, '이것은 댓글 내용 71', '2025-05-13 08:04:25');
INSERT INTO comment (user_id, post_id, content, created_at) VALUES (92, 61, '이것은 댓글 내용 72', '2025-05-08 08:04:25');
INSERT INTO comment (user_id, post_id, content, created_at) VALUES (65, 92, '이것은 댓글 내용 73', '2025-05-08 08:04:25');
INSERT INTO comment (user_id, post_id, content, created_at) VALUES (63, 82, '이것은 댓글 내용 74', '2025-05-08 08:04:25');
INSERT INTO comment (user_id, post_id, content, created_at) VALUES (15, 88, '이것은 댓글 내용 75', '2025-05-06 08:04:25');
INSERT INTO comment (user_id, post_id, content, created_at) VALUES (33, 20, '이것은 댓글 내용 76', '2025-05-07 08:04:25');
INSERT INTO comment (user_id, post_id, content, created_at) VALUES (16, 12, '이것은 댓글 내용 77', '2025-05-14 08:04:25');
INSERT INTO comment (user_id, post_id, content, created_at) VALUES (44, 48, '이것은 댓글 내용 78', '2025-05-05 08:04:25');
INSERT INTO comment (user_id, post_id, content, created_at) VALUES (98, 10, '이것은 댓글 내용 79', '2025-05-07 08:04:25');
INSERT INTO comment (user_id, post_id, content, created_at) VALUES (64, 1, '이것은 댓글 내용 80', '2025-05-08 08:04:25');
INSERT INTO comment (user_id, post_id, content, created_at) VALUES (3, 28, '이것은 댓글 내용 81', '2025-05-05 08:04:25');
INSERT INTO comment (user_id, post_id, content, created_at) VALUES (82, 52, '이것은 댓글 내용 82', '2025-05-13 08:04:25');
INSERT INTO comment (user_id, post_id, content, created_at) VALUES (70, 68, '이것은 댓글 내용 83', '2025-05-04 08:04:25');
INSERT INTO comment (user_id, post_id, content, created_at) VALUES (89, 94, '이것은 댓글 내용 84', '2025-05-11 08:04:25');
INSERT INTO comment (user_id, post_id, content, created_at) VALUES (64, 71, '이것은 댓글 내용 85', '2025-05-11 08:04:25');
INSERT INTO comment (user_id, post_id, content, created_at) VALUES (82, 80, '이것은 댓글 내용 86', '2025-05-07 08:04:25');
INSERT INTO comment (user_id, post_id, content, created_at) VALUES (24, 82, '이것은 댓글 내용 87', '2025-05-10 08:04:25');
INSERT INTO comment (user_id, post_id, content, created_at) VALUES (8, 68, '이것은 댓글 내용 88', '2025-05-13 08:04:25');
INSERT INTO comment (user_id, post_id, content, created_at) VALUES (94, 21, '이것은 댓글 내용 89', '2025-05-10 08:04:25');
INSERT INTO comment (user_id, post_id, content, created_at) VALUES (46, 68, '이것은 댓글 내용 90', '2025-05-12 08:04:25');
INSERT INTO comment (user_id, post_id, content, created_at) VALUES (92, 75, '이것은 댓글 내용 91', '2025-05-12 08:04:25');
INSERT INTO comment (user_id, post_id, content, created_at) VALUES (28, 68, '이것은 댓글 내용 92', '2025-05-05 08:04:25');
INSERT INTO comment (user_id, post_id, content, created_at) VALUES (12, 34, '이것은 댓글 내용 93', '2025-05-11 08:04:25');
INSERT INTO comment (user_id, post_id, content, created_at) VALUES (43, 69, '이것은 댓글 내용 94', '2025-05-12 08:04:25');
INSERT INTO comment (user_id, post_id, content, created_at) VALUES (28, 39, '이것은 댓글 내용 95', '2025-05-05 08:04:25');
INSERT INTO comment (user_id, post_id, content, created_at) VALUES (97, 60, '이것은 댓글 내용 96', '2025-05-07 08:04:25');
INSERT INTO comment (user_id, post_id, content, created_at) VALUES (53, 21, '이것은 댓글 내용 97', '2025-05-14 08:04:25');
INSERT INTO comment (user_id, post_id, content, created_at) VALUES (71, 31, '이것은 댓글 내용 98', '2025-05-09 08:04:25');
INSERT INTO comment (user_id, post_id, content, created_at) VALUES (46, 73, '이것은 댓글 내용 99', '2025-05-08 08:04:25');
INSERT INTO comment (user_id, post_id, content, created_at) VALUES (11, 16, '이것은 댓글 내용 100', '2025-05-12 08:04:25');

INSERT INTO post_like (user_id, post_id, created_at) VALUES (92, 58, '2025-05-14 08:04:25');
INSERT INTO post_like (user_id, post_id, created_at) VALUES (66, 39, '2025-05-14 08:04:25');
INSERT INTO post_like (user_id, post_id, created_at) VALUES (95, 20, '2025-05-14 08:04:25');
INSERT INTO post_like (user_id, post_id, created_at) VALUES (87, 71, '2025-05-14 08:04:25');
INSERT INTO post_like (user_id, post_id, created_at) VALUES (62, 72, '2025-05-14 08:04:25');
INSERT INTO post_like (user_id, post_id, created_at) VALUES (59, 55, '2025-05-14 08:04:25');
INSERT INTO post_like (user_id, post_id, created_at) VALUES (13, 97, '2025-05-14 08:04:25');
INSERT INTO post_like (user_id, post_id, created_at) VALUES (41, 49, '2025-05-14 08:04:25');
INSERT INTO post_like (user_id, post_id, created_at) VALUES (18, 17, '2025-05-14 08:04:25');
INSERT INTO post_like (user_id, post_id, created_at) VALUES (44, 36, '2025-05-14 08:04:25');
INSERT INTO post_like (user_id, post_id, created_at) VALUES (21, 80, '2025-05-14 08:04:25');
INSERT INTO post_like (user_id, post_id, created_at) VALUES (56, 74, '2025-05-14 08:04:25');
INSERT INTO post_like (user_id, post_id, created_at) VALUES (87, 89, '2025-05-14 08:04:25');
INSERT INTO post_like (user_id, post_id, created_at) VALUES (74, 55, '2025-05-14 08:04:25');
INSERT INTO post_like (user_id, post_id, created_at) VALUES (90, 51, '2025-05-14 08:04:25');
INSERT INTO post_like (user_id, post_id, created_at) VALUES (83, 67, '2025-05-14 08:04:25');
INSERT INTO post_like (user_id, post_id, created_at) VALUES (36, 80, '2025-05-14 08:04:25');
INSERT INTO post_like (user_id, post_id, created_at) VALUES (55, 93, '2025-05-14 08:04:25');
INSERT INTO post_like (user_id, post_id, created_at) VALUES (85, 9, '2025-05-14 08:04:25');
INSERT INTO post_like (user_id, post_id, created_at) VALUES (3, 22, '2025-05-14 08:04:25');
INSERT INTO post_like (user_id, post_id, created_at) VALUES (34, 92, '2025-05-14 08:04:25');
INSERT INTO post_like (user_id, post_id, created_at) VALUES (63, 43, '2025-05-14 08:04:25');
INSERT INTO post_like (user_id, post_id, created_at) VALUES (11, 60, '2025-05-14 08:04:25');
INSERT INTO post_like (user_id, post_id, created_at) VALUES (17, 85, '2025-05-14 08:04:25');
INSERT INTO post_like (user_id, post_id, created_at) VALUES (75, 72, '2025-05-14 08:04:25');
INSERT INTO post_like (user_id, post_id, created_at) VALUES (67, 34, '2025-05-14 08:04:25');
INSERT INTO post_like (user_id, post_id, created_at) VALUES (14, 95, '2025-05-14 08:04:25');
INSERT INTO post_like (user_id, post_id, created_at) VALUES (75, 81, '2025-05-14 08:04:25');
INSERT INTO post_like (user_id, post_id, created_at) VALUES (92, 97, '2025-05-14 08:04:25');
INSERT INTO post_like (user_id, post_id, created_at) VALUES (12, 52, '2025-05-14 08:04:25');
INSERT INTO post_like (user_id, post_id, created_at) VALUES (52, 33, '2025-05-14 08:04:25');
INSERT INTO post_like (user_id, post_id, created_at) VALUES (64, 62, '2025-05-14 08:04:25');
INSERT INTO post_like (user_id, post_id, created_at) VALUES (44, 93, '2025-05-14 08:04:25');
INSERT INTO post_like (user_id, post_id, created_at) VALUES (55, 4, '2025-05-14 08:04:25');
INSERT INTO post_like (user_id, post_id, created_at) VALUES (4, 2, '2025-05-14 08:04:25');
INSERT INTO post_like (user_id, post_id, created_at) VALUES (61, 54, '2025-05-14 08:04:25');
INSERT INTO post_like (user_id, post_id, created_at) VALUES (15, 32, '2025-05-14 08:04:25');
INSERT INTO post_like (user_id, post_id, created_at) VALUES (100, 3, '2025-05-14 08:04:25');
INSERT INTO post_like (user_id, post_id, created_at) VALUES (24, 99, '2025-05-14 08:04:25');
INSERT INTO post_like (user_id, post_id, created_at) VALUES (62, 28, '2025-05-14 08:04:25');
INSERT INTO post_like (user_id, post_id, created_at) VALUES (91, 64, '2025-05-14 08:04:25');
INSERT INTO post_like (user_id, post_id, created_at) VALUES (7, 92, '2025-05-14 08:04:25');
INSERT INTO post_like (user_id, post_id, created_at) VALUES (100, 76, '2025-05-14 08:04:25');
INSERT INTO post_like (user_id, post_id, created_at) VALUES (62, 37, '2025-05-14 08:04:25');
INSERT INTO post_like (user_id, post_id, created_at) VALUES (54, 88, '2025-05-14 08:04:25');
INSERT INTO post_like (user_id, post_id, created_at) VALUES (12, 18, '2025-05-14 08:04:25');
INSERT INTO post_like (user_id, post_id, created_at) VALUES (53, 98, '2025-05-14 08:04:25');
INSERT INTO post_like (user_id, post_id, created_at) VALUES (92, 17, '2025-05-14 08:04:25');
INSERT INTO post_like (user_id, post_id, created_at) VALUES (75, 65, '2025-05-14 08:04:25');
INSERT INTO post_like (user_id, post_id, created_at) VALUES (20, 95, '2025-05-14 08:04:25');
INSERT INTO post_like (user_id, post_id, created_at) VALUES (52, 8, '2025-05-14 08:04:25');
INSERT INTO post_like (user_id, post_id, created_at) VALUES (2, 4, '2025-05-14 08:04:25');
INSERT INTO post_like (user_id, post_id, created_at) VALUES (60, 21, '2025-05-14 08:04:25');
INSERT INTO post_like (user_id, post_id, created_at) VALUES (45, 94, '2025-05-14 08:04:25');
INSERT INTO post_like (user_id, post_id, created_at) VALUES (13, 1, '2025-05-14 08:04:25');
INSERT INTO post_like (user_id, post_id, created_at) VALUES (43, 69, '2025-05-14 08:04:25');
INSERT INTO post_like (user_id, post_id, created_at) VALUES (13, 65, '2025-05-14 08:04:25');
INSERT INTO post_like (user_id, post_id, created_at) VALUES (75, 28, '2025-05-14 08:04:25');
INSERT INTO post_like (user_id, post_id, created_at) VALUES (13, 74, '2025-05-14 08:04:25');
INSERT INTO post_like (user_id, post_id, created_at) VALUES (72, 4, '2025-05-14 08:04:25');
INSERT INTO post_like (user_id, post_id, created_at) VALUES (52, 35, '2025-05-14 08:04:25');
INSERT INTO post_like (user_id, post_id, created_at) VALUES (4, 50, '2025-05-14 08:04:25');
INSERT INTO post_like (user_id, post_id, created_at) VALUES (79, 83, '2025-05-14 08:04:25');
INSERT INTO post_like (user_id, post_id, created_at) VALUES (13, 92, '2025-05-14 08:04:25');
INSERT INTO post_like (user_id, post_id, created_at) VALUES (7, 85, '2025-05-14 08:04:25');
INSERT INTO post_like (user_id, post_id, created_at) VALUES (79, 46, '2025-05-14 08:04:25');
INSERT INTO post_like (user_id, post_id, created_at) VALUES (20, 79, '2025-05-14 08:04:25');
INSERT INTO post_like (user_id, post_id, created_at) VALUES (92, 10, '2025-05-14 08:04:25');
INSERT INTO post_like (user_id, post_id, created_at) VALUES (12, 20, '2025-05-14 08:04:25');
INSERT INTO post_like (user_id, post_id, created_at) VALUES (37, 83, '2025-05-14 08:04:25');
INSERT INTO post_like (user_id, post_id, created_at) VALUES (74, 13, '2025-05-14 08:04:25');
INSERT INTO post_like (user_id, post_id, created_at) VALUES (23, 93, '2025-05-14 08:04:25');
INSERT INTO post_like (user_id, post_id, created_at) VALUES (23, 38, '2025-05-14 08:04:25');
INSERT INTO post_like (user_id, post_id, created_at) VALUES (68, 70, '2025-05-14 08:04:25');
INSERT INTO post_like (user_id, post_id, created_at) VALUES (83, 89, '2025-05-14 08:04:25');
INSERT INTO post_like (user_id, post_id, created_at) VALUES (96, 19, '2025-05-14 08:04:25');
INSERT INTO post_like (user_id, post_id, created_at) VALUES (26, 64, '2025-05-14 08:04:25');
INSERT INTO post_like (user_id, post_id, created_at) VALUES (42, 82, '2025-05-14 08:04:25');
INSERT INTO post_like (user_id, post_id, created_at) VALUES (95, 8, '2025-05-14 08:04:25');
INSERT INTO post_like (user_id, post_id, created_at) VALUES (33, 88, '2025-05-14 08:04:25');
INSERT INTO post_like (user_id, post_id, created_at) VALUES (82, 72, '2025-05-14 08:04:25');
INSERT INTO post_like (user_id, post_id, created_at) VALUES (99, 33, '2025-05-14 08:04:25');
INSERT INTO post_like (user_id, post_id, created_at) VALUES (67, 65, '2025-05-14 08:04:25');
INSERT INTO post_like (user_id, post_id, created_at) VALUES (8, 43, '2025-05-14 08:04:25');
INSERT INTO post_like (user_id, post_id, created_at) VALUES (18, 78, '2025-05-14 08:04:25');
INSERT INTO post_like (user_id, post_id, created_at) VALUES (62, 23, '2025-05-14 08:04:25');
INSERT INTO post_like (user_id, post_id, created_at) VALUES (83, 55, '2025-05-14 08:04:25');
INSERT INTO post_like (user_id, post_id, created_at) VALUES (36, 13, '2025-05-14 08:04:25');
INSERT INTO post_like (user_id, post_id, created_at) VALUES (93, 65, '2025-05-14 08:04:25');
INSERT INTO post_like (user_id, post_id, created_at) VALUES (54, 92, '2025-05-14 08:04:25');
INSERT INTO post_like (user_id, post_id, created_at) VALUES (65, 3, '2025-05-14 08:04:25');
INSERT INTO post_like (user_id, post_id, created_at) VALUES (22, 87, '2025-05-14 08:04:25');
INSERT INTO post_like (user_id, post_id, created_at) VALUES (95, 38, '2025-05-14 08:04:25');
INSERT INTO post_like (user_id, post_id, created_at) VALUES (57, 54, '2025-05-14 08:04:25');
INSERT INTO post_like (user_id, post_id, created_at) VALUES (58, 19, '2025-05-14 08:04:25');
INSERT INTO post_like (user_id, post_id, created_at) VALUES (67, 22, '2025-05-14 08:04:25');
INSERT INTO post_like (user_id, post_id, created_at) VALUES (28, 18, '2025-05-14 08:04:25');
INSERT INTO post_like (user_id, post_id, created_at) VALUES (15, 57, '2025-05-14 08:04:25');
INSERT INTO post_like (user_id, post_id, created_at) VALUES (87, 43, '2025-05-14 08:04:25');
INSERT INTO post_like (user_id, post_id, created_at) VALUES (81, 57, '2025-05-14 08:04:25');
INSERT INTO post_like (user_id, post_id, created_at) VALUES (47, 34, '2025-05-14 08:04:25');
INSERT INTO post_like (user_id, post_id, created_at) VALUES (72, 8, '2025-05-14 08:04:25');
INSERT INTO post_like (user_id, post_id, created_at) VALUES (82, 10, '2025-05-14 08:04:25');
INSERT INTO post_like (user_id, post_id, created_at) VALUES (18, 7, '2025-05-14 08:04:25');
INSERT INTO post_like (user_id, post_id, created_at) VALUES (81, 84, '2025-05-14 08:04:25');
INSERT INTO post_like (user_id, post_id, created_at) VALUES (88, 44, '2025-05-14 08:04:25');
INSERT INTO post_like (user_id, post_id, created_at) VALUES (45, 73, '2025-05-14 08:04:25');
INSERT INTO post_like (user_id, post_id, created_at) VALUES (21, 18, '2025-05-14 08:04:25');
INSERT INTO post_like (user_id, post_id, created_at) VALUES (92, 69, '2025-05-14 08:04:25');
INSERT INTO post_like (user_id, post_id, created_at) VALUES (49, 98, '2025-05-14 08:04:25');
INSERT INTO post_like (user_id, post_id, created_at) VALUES (60, 9, '2025-05-14 08:04:25');
INSERT INTO post_like (user_id, post_id, created_at) VALUES (100, 27, '2025-05-14 08:04:25');
INSERT INTO post_like (user_id, post_id, created_at) VALUES (92, 14, '2025-05-14 08:04:25');
INSERT INTO post_like (user_id, post_id, created_at) VALUES (49, 52, '2025-05-14 08:04:25');
INSERT INTO post_like (user_id, post_id, created_at) VALUES (87, 36, '2025-05-14 08:04:25');
INSERT INTO post_like (user_id, post_id, created_at) VALUES (43, 66, '2025-05-14 08:04:25');
INSERT INTO post_like (user_id, post_id, created_at) VALUES (61, 81, '2025-05-14 08:04:25');
INSERT INTO post_like (user_id, post_id, created_at) VALUES (96, 14, '2025-05-14 08:04:25');
INSERT INTO post_like (user_id, post_id, created_at) VALUES (58, 94, '2025-05-14 08:04:25');
INSERT INTO post_like (user_id, post_id, created_at) VALUES (42, 13, '2025-05-14 08:04:25');
INSERT INTO post_like (user_id, post_id, created_at) VALUES (49, 70, '2025-05-14 08:04:25');
INSERT INTO post_like (user_id, post_id, created_at) VALUES (96, 87, '2025-05-14 08:04:25');
INSERT INTO post_like (user_id, post_id, created_at) VALUES (93, 33, '2025-05-14 08:04:25');
INSERT INTO post_like (user_id, post_id, created_at) VALUES (90, 80, '2025-05-14 08:04:25');
INSERT INTO post_like (user_id, post_id, created_at) VALUES (100, 48, '2025-05-14 08:04:25');
INSERT INTO post_like (user_id, post_id, created_at) VALUES (27, 42, '2025-05-14 08:04:25');
INSERT INTO post_like (user_id, post_id, created_at) VALUES (45, 57, '2025-05-14 08:04:25');
INSERT INTO post_like (user_id, post_id, created_at) VALUES (79, 25, '2025-05-14 08:04:25');
INSERT INTO post_like (user_id, post_id, created_at) VALUES (40, 75, '2025-05-14 08:04:25');
INSERT INTO post_like (user_id, post_id, created_at) VALUES (3, 60, '2025-05-14 08:04:25');
INSERT INTO post_like (user_id, post_id, created_at) VALUES (31, 76, '2025-05-14 08:04:25');
INSERT INTO post_like (user_id, post_id, created_at) VALUES (37, 7, '2025-05-14 08:04:25');
INSERT INTO post_like (user_id, post_id, created_at) VALUES (47, 72, '2025-05-14 08:04:25');
INSERT INTO post_like (user_id, post_id, created_at) VALUES (40, 24, '2025-05-14 08:04:25');
INSERT INTO post_like (user_id, post_id, created_at) VALUES (65, 53, '2025-05-14 08:04:25');
INSERT INTO post_like (user_id, post_id, created_at) VALUES (75, 55, '2025-05-14 08:04:25');
INSERT INTO post_like (user_id, post_id, created_at) VALUES (34, 11, '2025-05-14 08:04:25');
INSERT INTO post_like (user_id, post_id, created_at) VALUES (37, 71, '2025-05-14 08:04:25');
INSERT INTO post_like (user_id, post_id, created_at) VALUES (38, 100, '2025-05-14 08:04:25');
INSERT INTO post_like (user_id, post_id, created_at) VALUES (3, 78, '2025-05-14 08:04:25');
INSERT INTO post_like (user_id, post_id, created_at) VALUES (75, 73, '2025-05-14 08:04:25');
INSERT INTO post_like (user_id, post_id, created_at) VALUES (90, 55, '2025-05-14 08:04:25');
INSERT INTO post_like (user_id, post_id, created_at) VALUES (41, 71, '2025-05-14 08:04:25');
INSERT INTO post_like (user_id, post_id, created_at) VALUES (70, 86, '2025-05-14 08:04:25');
INSERT INTO post_like (user_id, post_id, created_at) VALUES (24, 64, '2025-05-14 08:04:25');
INSERT INTO post_like (user_id, post_id, created_at) VALUES (10, 10, '2025-05-14 08:04:25');
INSERT INTO post_like (user_id, post_id, created_at) VALUES (6, 49, '2025-05-14 08:04:25');
INSERT INTO post_like (user_id, post_id, created_at) VALUES (93, 26, '2025-05-14 08:04:25');
INSERT INTO post_like (user_id, post_id, created_at) VALUES (13, 73, '2025-05-14 08:04:25');
INSERT INTO post_like (user_id, post_id, created_at) VALUES (39, 55, '2025-05-14 08:04:25');
INSERT INTO post_like (user_id, post_id, created_at) VALUES (79, 73, '2025-05-14 08:04:25');
INSERT INTO post_like (user_id, post_id, created_at) VALUES (45, 41, '2025-05-14 08:04:25');
INSERT INTO post_like (user_id, post_id, created_at) VALUES (73, 66, '2025-05-14 08:04:25');
INSERT INTO post_like (user_id, post_id, created_at) VALUES (25, 81, '2025-05-14 08:04:25');
INSERT INTO post_like (user_id, post_id, created_at) VALUES (3, 53, '2025-05-14 08:04:25');
INSERT INTO post_like (user_id, post_id, created_at) VALUES (25, 35, '2025-05-14 08:04:25');
INSERT INTO post_like (user_id, post_id, created_at) VALUES (68, 88, '2025-05-14 08:04:25');
INSERT INTO post_like (user_id, post_id, created_at) VALUES (40, 72, '2025-05-14 08:04:25');
INSERT INTO post_like (user_id, post_id, created_at) VALUES (77, 66, '2025-05-14 08:04:25');
INSERT INTO post_like (user_id, post_id, created_at) VALUES (3, 62, '2025-05-14 08:04:25');
INSERT INTO post_like (user_id, post_id, created_at) VALUES (23, 1, '2025-05-14 08:04:25');
INSERT INTO post_like (user_id, post_id, created_at) VALUES (29, 26, '2025-05-14 08:04:25');
INSERT INTO post_like (user_id, post_id, created_at) VALUES (37, 64, '2025-05-14 08:04:25');
INSERT INTO post_like (user_id, post_id, created_at) VALUES (80, 7, '2025-05-14 08:04:25');
INSERT INTO post_like (user_id, post_id, created_at) VALUES (21, 86, '2025-05-14 08:04:25');
INSERT INTO post_like (user_id, post_id, created_at) VALUES (89, 92, '2025-05-14 08:04:25');
INSERT INTO post_like (user_id, post_id, created_at) VALUES (59, 24, '2025-05-14 08:04:25');
INSERT INTO post_like (user_id, post_id, created_at) VALUES (55, 35, '2025-05-14 08:04:25');
INSERT INTO post_like (user_id, post_id, created_at) VALUES (80, 34, '2025-05-14 08:04:25');
INSERT INTO post_like (user_id, post_id, created_at) VALUES (17, 18, '2025-05-14 08:04:25');
INSERT INTO post_like (user_id, post_id, created_at) VALUES (7, 50, '2025-05-14 08:04:25');
INSERT INTO post_like (user_id, post_id, created_at) VALUES (59, 97, '2025-05-14 08:04:25');
INSERT INTO post_like (user_id, post_id, created_at) VALUES (8, 24, '2025-05-14 08:04:25');
INSERT INTO post_like (user_id, post_id, created_at) VALUES (42, 26, '2025-05-14 08:04:25');
INSERT INTO post_like (user_id, post_id, created_at) VALUES (20, 53, '2025-05-14 08:04:25');
INSERT INTO post_like (user_id, post_id, created_at) VALUES (90, 20, '2025-05-14 08:04:25');
INSERT INTO post_like (user_id, post_id, created_at) VALUES (2, 17, '2025-05-14 08:04:25');
INSERT INTO post_like (user_id, post_id, created_at) VALUES (68, 26, '2025-05-14 08:04:25');
INSERT INTO post_like (user_id, post_id, created_at) VALUES (39, 75, '2025-05-14 08:04:25');
INSERT INTO post_like (user_id, post_id, created_at) VALUES (53, 60, '2025-05-14 08:04:25');
INSERT INTO post_like (user_id, post_id, created_at) VALUES (71, 89, '2025-05-14 08:04:25');
INSERT INTO post_like (user_id, post_id, created_at) VALUES (66, 38, '2025-05-14 08:04:25');
INSERT INTO post_like (user_id, post_id, created_at) VALUES (97, 16, '2025-05-14 08:04:25');
INSERT INTO post_like (user_id, post_id, created_at) VALUES (21, 15, '2025-05-14 08:04:25');
INSERT INTO post_like (user_id, post_id, created_at) VALUES (87, 15, '2025-05-14 08:04:25');
INSERT INTO post_like (user_id, post_id, created_at) VALUES (97, 80, '2025-05-14 08:04:25');
INSERT INTO post_like (user_id, post_id, created_at) VALUES (6, 81, '2025-05-14 08:04:25');
INSERT INTO post_like (user_id, post_id, created_at) VALUES (43, 45, '2025-05-14 08:04:25');
INSERT INTO post_like (user_id, post_id, created_at) VALUES (63, 94, '2025-05-14 08:04:25');
INSERT INTO post_like (user_id, post_id, created_at) VALUES (32, 54, '2025-05-14 08:04:25');
INSERT INTO post_like (user_id, post_id, created_at) VALUES (36, 15, '2025-05-14 08:04:25');
INSERT INTO post_like (user_id, post_id, created_at) VALUES (13, 59, '2025-05-14 08:04:25');
INSERT INTO post_like (user_id, post_id, created_at) VALUES (26, 56, '2025-05-14 08:04:25');
INSERT INTO post_like (user_id, post_id, created_at) VALUES (96, 75, '2025-05-14 08:04:25');
INSERT INTO post_like (user_id, post_id, created_at) VALUES (17, 20, '2025-05-14 08:04:25');
INSERT INTO post_like (user_id, post_id, created_at) VALUES (82, 55, '2025-05-14 08:04:25');
INSERT INTO post_like (user_id, post_id, created_at) VALUES (81, 1, '2025-05-14 08:04:25');
INSERT INTO post_like (user_id, post_id, created_at) VALUES (33, 71, '2025-05-14 08:04:25');
INSERT INTO post_like (user_id, post_id, created_at) VALUES (39, 50, '2025-05-14 08:04:25');
INSERT INTO post_like (user_id, post_id, created_at) VALUES (59, 99, '2025-05-14 08:04:25');
INSERT INTO post_like (user_id, post_id, created_at) VALUES (96, 20, '2025-05-14 08:04:25');
INSERT INTO post_like (user_id, post_id, created_at) VALUES (39, 59, '2025-05-14 08:04:25');
INSERT INTO post_like (user_id, post_id, created_at) VALUES (53, 49, '2025-05-14 08:04:25');
INSERT INTO post_like (user_id, post_id, created_at) VALUES (65, 78, '2025-05-14 08:04:25');
INSERT INTO post_like (user_id, post_id, created_at) VALUES (57, 74, '2025-05-14 08:04:25');
INSERT INTO post_like (user_id, post_id, created_at) VALUES (100, 54, '2025-05-14 08:04:25');
INSERT INTO post_like (user_id, post_id, created_at) VALUES (34, 63, '2025-05-14 08:04:25');
INSERT INTO post_like (user_id, post_id, created_at) VALUES (57, 28, '2025-05-14 08:04:25');
INSERT INTO post_like (user_id, post_id, created_at) VALUES (72, 9, '2025-05-14 08:04:25');
INSERT INTO post_like (user_id, post_id, created_at) VALUES (66, 40, '2025-05-14 08:04:25');
INSERT INTO post_like (user_id, post_id, created_at) VALUES (39, 86, '2025-05-14 08:04:25');
INSERT INTO post_like (user_id, post_id, created_at) VALUES (95, 21, '2025-05-14 08:04:25');
INSERT INTO post_like (user_id, post_id, created_at) VALUES (26, 31, '2025-05-14 08:04:25');
INSERT INTO post_like (user_id, post_id, created_at) VALUES (77, 15, '2025-05-14 08:04:25');
INSERT INTO post_like (user_id, post_id, created_at) VALUES (24, 98, '2025-05-14 08:04:25');
INSERT INTO post_like (user_id, post_id, created_at) VALUES (95, 85, '2025-05-14 08:04:25');
INSERT INTO post_like (user_id, post_id, created_at) VALUES (29, 94, '2025-05-14 08:04:25');
INSERT INTO post_like (user_id, post_id, created_at) VALUES (98, 65, '2025-05-14 08:04:25');
INSERT INTO post_like (user_id, post_id, created_at) VALUES (30, 10, '2025-05-14 08:04:25');
INSERT INTO post_like (user_id, post_id, created_at) VALUES (89, 96, '2025-05-14 08:04:25');
INSERT INTO post_like (user_id, post_id, created_at) VALUES (88, 64, '2025-05-14 08:04:25');
INSERT INTO post_like (user_id, post_id, created_at) VALUES (97, 8, '2025-05-14 08:04:25');
INSERT INTO post_like (user_id, post_id, created_at) VALUES (72, 55, '2025-05-14 08:04:25');
INSERT INTO post_like (user_id, post_id, created_at) VALUES (27, 87, '2025-05-14 08:04:25');
INSERT INTO post_like (user_id, post_id, created_at) VALUES (5, 20, '2025-05-14 08:04:25');
INSERT INTO post_like (user_id, post_id, created_at) VALUES (3, 32, '2025-05-14 08:04:25');
INSERT INTO post_like (user_id, post_id, created_at) VALUES (10, 80, '2025-05-14 08:04:25');
INSERT INTO post_like (user_id, post_id, created_at) VALUES (5, 93, '2025-05-14 08:04:25');
INSERT INTO post_like (user_id, post_id, created_at) VALUES (39, 6, '2025-05-14 08:04:25');
INSERT INTO post_like (user_id, post_id, created_at) VALUES (94, 95, '2025-05-14 08:04:25');
INSERT INTO post_like (user_id, post_id, created_at) VALUES (40, 60, '2025-05-14 08:04:25');
INSERT INTO post_like (user_id, post_id, created_at) VALUES (21, 56, '2025-05-14 08:04:25');
INSERT INTO post_like (user_id, post_id, created_at) VALUES (39, 15, '2025-05-14 08:04:25');
INSERT INTO post_like (user_id, post_id, created_at) VALUES (40, 69, '2025-05-14 08:04:25');
INSERT INTO post_like (user_id, post_id, created_at) VALUES (11, 33, '2025-05-14 08:04:25');
INSERT INTO post_like (user_id, post_id, created_at) VALUES (97, 66, '2025-05-14 08:04:25');
INSERT INTO post_like (user_id, post_id, created_at) VALUES (14, 50, '2025-05-14 08:04:25');
INSERT INTO post_like (user_id, post_id, created_at) VALUES (20, 11, '2025-05-14 08:04:25');
INSERT INTO post_like (user_id, post_id, created_at) VALUES (66, 42, '2025-05-14 08:04:25');
INSERT INTO post_like (user_id, post_id, created_at) VALUES (38, 99, '2025-05-14 08:04:25');
INSERT INTO post_like (user_id, post_id, created_at) VALUES (12, 80, '2025-05-14 08:04:25');
INSERT INTO post_like (user_id, post_id, created_at) VALUES (72, 39, '2025-05-14 08:04:25');
INSERT INTO post_like (user_id, post_id, created_at) VALUES (96, 6, '2025-05-14 08:04:25');
INSERT INTO post_like (user_id, post_id, created_at) VALUES (50, 73, '2025-05-14 08:04:25');
INSERT INTO post_like (user_id, post_id, created_at) VALUES (64, 35, '2025-05-14 08:04:25');
INSERT INTO post_like (user_id, post_id, created_at) VALUES (53, 99, '2025-05-14 08:04:25');
INSERT INTO post_like (user_id, post_id, created_at) VALUES (48, 48, '2025-05-14 08:04:25');
INSERT INTO post_like (user_id, post_id, created_at) VALUES (100, 31, '2025-05-14 08:04:25');
INSERT INTO post_like (user_id, post_id, created_at) VALUES (64, 44, '2025-05-14 08:04:25');
INSERT INTO post_like (user_id, post_id, created_at) VALUES (2, 5, '2025-05-14 08:04:25');
INSERT INTO post_like (user_id, post_id, created_at) VALUES (79, 8, '2025-05-14 08:04:25');
INSERT INTO post_like (user_id, post_id, created_at) VALUES (71, 59, '2025-05-14 08:04:25');
INSERT INTO post_like (user_id, post_id, created_at) VALUES (25, 71, '2025-05-14 08:04:25');
INSERT INTO post_like (user_id, post_id, created_at) VALUES (68, 5, '2025-05-14 08:04:25');
INSERT INTO post_like (user_id, post_id, created_at) VALUES (10, 82, '2025-05-14 08:04:25');
INSERT INTO post_like (user_id, post_id, created_at) VALUES (31, 59, '2025-05-14 08:04:25');
INSERT INTO post_like (user_id, post_id, created_at) VALUES (56, 58, '2025-05-14 08:04:25');
INSERT INTO post_like (user_id, post_id, created_at) VALUES (31, 68, '2025-05-14 08:04:25');
INSERT INTO post_like (user_id, post_id, created_at) VALUES (12, 9, '2025-05-14 08:04:25');
INSERT INTO post_like (user_id, post_id, created_at) VALUES (42, 44, '2025-05-14 08:04:25');
INSERT INTO post_like (user_id, post_id, created_at) VALUES (72, 87, '2025-05-14 08:04:25');
INSERT INTO post_like (user_id, post_id, created_at) VALUES (64, 19, '2025-05-14 08:04:25');
INSERT INTO post_like (user_id, post_id, created_at) VALUES (44, 50, '2025-05-14 08:04:25');
INSERT INTO post_like (user_id, post_id, created_at) VALUES (64, 83, '2025-05-14 08:04:25');
INSERT INTO post_like (user_id, post_id, created_at) VALUES (69, 79, '2025-05-14 08:04:25');
INSERT INTO post_like (user_id, post_id, created_at) VALUES (16, 43, '2025-05-14 08:04:25');
INSERT INTO post_like (user_id, post_id, created_at) VALUES (80, 79, '2025-05-14 08:04:25');
INSERT INTO post_like (user_id, post_id, created_at) VALUES (11, 56, '2025-05-14 08:04:25');
INSERT INTO post_like (user_id, post_id, created_at) VALUES (20, 34, '2025-05-14 08:04:25');
INSERT INTO post_like (user_id, post_id, created_at) VALUES (82, 52, '2025-05-14 08:04:25');
INSERT INTO post_like (user_id, post_id, created_at) VALUES (62, 49, '2025-05-14 08:04:25');
INSERT INTO post_like (user_id, post_id, created_at) VALUES (19, 78, '2025-05-14 08:04:25');
INSERT INTO post_like (user_id, post_id, created_at) VALUES (31, 43, '2025-05-14 08:04:25');
INSERT INTO post_like (user_id, post_id, created_at) VALUES (56, 42, '2025-05-14 08:04:25');
INSERT INTO post_like (user_id, post_id, created_at) VALUES (91, 94, '2025-05-14 08:04:25');
INSERT INTO post_like (user_id, post_id, created_at) VALUES (68, 7, '2025-05-14 08:04:25');
INSERT INTO post_like (user_id, post_id, created_at) VALUES (46, 71, '2025-05-14 08:04:25');
INSERT INTO post_like (user_id, post_id, created_at) VALUES (9, 86, '2025-05-14 08:04:25');
INSERT INTO post_like (user_id, post_id, created_at) VALUES (39, 65, '2025-05-14 08:04:25');
INSERT INTO post_like (user_id, post_id, created_at) VALUES (46, 16, '2025-05-14 08:04:25');
INSERT INTO post_like (user_id, post_id, created_at) VALUES (38, 76, '2025-05-14 08:04:25');
INSERT INTO post_like (user_id, post_id, created_at) VALUES (86, 6, '2025-05-14 08:04:25');
INSERT INTO post_like (user_id, post_id, created_at) VALUES (26, 19, '2025-05-14 08:04:25');
INSERT INTO post_like (user_id, post_id, created_at) VALUES (14, 63, '2025-05-14 08:04:25');
INSERT INTO post_like (user_id, post_id, created_at) VALUES (13, 31, '2025-05-14 08:04:25');
INSERT INTO post_like (user_id, post_id, created_at) VALUES (91, 5, '2025-05-14 08:04:25');
INSERT INTO post_like (user_id, post_id, created_at) VALUES (13, 49, '2025-05-14 08:04:25');
INSERT INTO post_like (user_id, post_id, created_at) VALUES (62, 33, '2025-05-14 08:04:25');
INSERT INTO post_like (user_id, post_id, created_at) VALUES (71, 100, '2025-05-14 08:04:25');
INSERT INTO post_like (user_id, post_id, created_at) VALUES (59, 25, '2025-05-14 08:04:25');
INSERT INTO post_like (user_id, post_id, created_at) VALUES (16, 54, '2025-05-14 08:04:25');
INSERT INTO post_like (user_id, post_id, created_at) VALUES (59, 89, '2025-05-14 08:04:25');
INSERT INTO post_like (user_id, post_id, created_at) VALUES (14, 20, '2025-05-14 08:04:25');
INSERT INTO post_like (user_id, post_id, created_at) VALUES (76, 4, '2025-05-14 08:04:25');
INSERT INTO post_like (user_id, post_id, created_at) VALUES (93, 29, '2025-05-14 08:04:25');
INSERT INTO post_like (user_id, post_id, created_at) VALUES (74, 80, '2025-05-14 08:04:25');
INSERT INTO post_like (user_id, post_id, created_at) VALUES (20, 54, '2025-05-14 08:04:25');
INSERT INTO post_like (user_id, post_id, created_at) VALUES (52, 31, '2025-05-14 08:04:25');
INSERT INTO post_like (user_id, post_id, created_at) VALUES (84, 11, '2025-05-14 08:04:25');
INSERT INTO post_like (user_id, post_id, created_at) VALUES (43, 92, '2025-05-14 08:04:25');

INSERT INTO user_study_time (user_id, nickname, today_study_time, weekly_study_time, updated_at) VALUES (1, 'user1', 33, 593, '2025-05-14 08:04:25');
INSERT INTO user_study_time (user_id, nickname, today_study_time, weekly_study_time, updated_at) VALUES (2, 'user2', 6, 24, '2025-05-14 08:04:25');
INSERT INTO user_study_time (user_id, nickname, today_study_time, weekly_study_time, updated_at) VALUES (3, 'user3', 180, 186, '2025-05-14 08:04:25');
INSERT INTO user_study_time (user_id, nickname, today_study_time, weekly_study_time, updated_at) VALUES (4, 'user4', 87, 115, '2025-05-14 08:04:25');
INSERT INTO user_study_time (user_id, nickname, today_study_time, weekly_study_time, updated_at) VALUES (5, 'user5', 156, 716, '2025-05-14 08:04:25');
INSERT INTO user_study_time (user_id, nickname, today_study_time, weekly_study_time, updated_at) VALUES (6, 'user6', 175, 761, '2025-05-14 08:04:25');
INSERT INTO user_study_time (user_id, nickname, today_study_time, weekly_study_time, updated_at) VALUES (7, 'user7', 147, 871, '2025-05-14 08:04:25');
INSERT INTO user_study_time (user_id, nickname, today_study_time, weekly_study_time, updated_at) VALUES (8, 'user8', 150, 728, '2025-05-14 08:04:25');
INSERT INTO user_study_time (user_id, nickname, today_study_time, weekly_study_time, updated_at) VALUES (9, 'user9', 131, 222, '2025-05-14 08:04:25');
INSERT INTO user_study_time (user_id, nickname, today_study_time, weekly_study_time, updated_at) VALUES (10, 'user10', 100, 687, '2025-05-14 08:04:25');
INSERT INTO user_study_time (user_id, nickname, today_study_time, weekly_study_time, updated_at) VALUES (11, 'user11', 49, 395, '2025-05-14 08:04:25');
INSERT INTO user_study_time (user_id, nickname, today_study_time, weekly_study_time, updated_at) VALUES (12, 'user12', 107, 465, '2025-05-14 08:04:25');
INSERT INTO user_study_time (user_id, nickname, today_study_time, weekly_study_time, updated_at) VALUES (13, 'user13', 67, 141, '2025-05-14 08:04:25');
INSERT INTO user_study_time (user_id, nickname, today_study_time, weekly_study_time, updated_at) VALUES (14, 'user14', 80, 643, '2025-05-14 08:04:25');
INSERT INTO user_study_time (user_id, nickname, today_study_time, weekly_study_time, updated_at) VALUES (15, 'user15', 121, 578, '2025-05-14 08:04:25');
INSERT INTO user_study_time (user_id, nickname, today_study_time, weekly_study_time, updated_at) VALUES (16, 'user16', 90, 662, '2025-05-14 08:04:25');
INSERT INTO user_study_time (user_id, nickname, today_study_time, weekly_study_time, updated_at) VALUES (17, 'user17', 159, 461, '2025-05-14 08:04:25');
INSERT INTO user_study_time (user_id, nickname, today_study_time, weekly_study_time, updated_at) VALUES (18, 'user18', 34, 422, '2025-05-14 08:04:25');
INSERT INTO user_study_time (user_id, nickname, today_study_time, weekly_study_time, updated_at) VALUES (19, 'user19', 61, 566, '2025-05-14 08:04:25');
INSERT INTO user_study_time (user_id, nickname, today_study_time, weekly_study_time, updated_at) VALUES (20, 'user20', 124, 548, '2025-05-14 08:04:25');
INSERT INTO user_study_time (user_id, nickname, today_study_time, weekly_study_time, updated_at) VALUES (21, 'user21', 154, 538, '2025-05-14 08:04:25');
INSERT INTO user_study_time (user_id, nickname, today_study_time, weekly_study_time, updated_at) VALUES (22, 'user22', 36, 380, '2025-05-14 08:04:25');
INSERT INTO user_study_time (user_id, nickname, today_study_time, weekly_study_time, updated_at) VALUES (23, 'user23', 102, 155, '2025-05-14 08:04:25');
INSERT INTO user_study_time (user_id, nickname, today_study_time, weekly_study_time, updated_at) VALUES (24, 'user24', 69, 331, '2025-05-14 08:04:25');
INSERT INTO user_study_time (user_id, nickname, today_study_time, weekly_study_time, updated_at) VALUES (25, 'user25', 91, 268, '2025-05-14 08:04:25');
INSERT INTO user_study_time (user_id, nickname, today_study_time, weekly_study_time, updated_at) VALUES (26, 'user26', 148, 617, '2025-05-14 08:04:25');
INSERT INTO user_study_time (user_id, nickname, today_study_time, weekly_study_time, updated_at) VALUES (27, 'user27', 152, 949, '2025-05-14 08:04:25');
INSERT INTO user_study_time (user_id, nickname, today_study_time, weekly_study_time, updated_at) VALUES (28, 'user28', 146, 528, '2025-05-14 08:04:25');
INSERT INTO user_study_time (user_id, nickname, today_study_time, weekly_study_time, updated_at) VALUES (29, 'user29', 42, 52, '2025-05-14 08:04:25');
INSERT INTO user_study_time (user_id, nickname, today_study_time, weekly_study_time, updated_at) VALUES (30, 'user30', 24, 28, '2025-05-14 08:04:25');
INSERT INTO user_study_time (user_id, nickname, today_study_time, weekly_study_time, updated_at) VALUES (31, 'user31', 3, 675, '2025-05-14 08:04:25');
INSERT INTO user_study_time (user_id, nickname, today_study_time, weekly_study_time, updated_at) VALUES (32, 'user32', 79, 853, '2025-05-14 08:04:25');
INSERT INTO user_study_time (user_id, nickname, today_study_time, weekly_study_time, updated_at) VALUES (33, 'user33', 73, 378, '2025-05-14 08:04:25');
INSERT INTO user_study_time (user_id, nickname, today_study_time, weekly_study_time, updated_at) VALUES (34, 'user34', 170, 567, '2025-05-14 08:04:25');
INSERT INTO user_study_time (user_id, nickname, today_study_time, weekly_study_time, updated_at) VALUES (35, 'user35', 70, 270, '2025-05-14 08:04:25');
INSERT INTO user_study_time (user_id, nickname, today_study_time, weekly_study_time, updated_at) VALUES (36, 'user36', 167, 532, '2025-05-14 08:04:25');
INSERT INTO user_study_time (user_id, nickname, today_study_time, weekly_study_time, updated_at) VALUES (37, 'user37', 142, 310, '2025-05-14 08:04:25');
INSERT INTO user_study_time (user_id, nickname, today_study_time, weekly_study_time, updated_at) VALUES (38, 'user38', 102, 157, '2025-05-14 08:04:25');
INSERT INTO user_study_time (user_id, nickname, today_study_time, weekly_study_time, updated_at) VALUES (39, 'user39', 100, 246, '2025-05-14 08:04:25');
INSERT INTO user_study_time (user_id, nickname, today_study_time, weekly_study_time, updated_at) VALUES (40, 'user40', 170, 474, '2025-05-14 08:04:25');
INSERT INTO user_study_time (user_id, nickname, today_study_time, weekly_study_time, updated_at) VALUES (41, 'user41', 110, 376, '2025-05-14 08:04:25');
INSERT INTO user_study_time (user_id, nickname, today_study_time, weekly_study_time, updated_at) VALUES (42, 'user42', 179, 569, '2025-05-14 08:04:25');
INSERT INTO user_study_time (user_id, nickname, today_study_time, weekly_study_time, updated_at) VALUES (43, 'user43', 109, 860, '2025-05-14 08:04:25');
INSERT INTO user_study_time (user_id, nickname, today_study_time, weekly_study_time, updated_at) VALUES (44, 'user44', 65, 864, '2025-05-14 08:04:25');
INSERT INTO user_study_time (user_id, nickname, today_study_time, weekly_study_time, updated_at) VALUES (45, 'user45', 104, 140, '2025-05-14 08:04:25');
INSERT INTO user_study_time (user_id, nickname, today_study_time, weekly_study_time, updated_at) VALUES (46, 'user46', 161, 646, '2025-05-14 08:04:25');
INSERT INTO user_study_time (user_id, nickname, today_study_time, weekly_study_time, updated_at) VALUES (47, 'user47', 87, 256, '2025-05-14 08:04:25');
INSERT INTO user_study_time (user_id, nickname, today_study_time, weekly_study_time, updated_at) VALUES (48, 'user48', 111, 121, '2025-05-14 08:04:25');
INSERT INTO user_study_time (user_id, nickname, today_study_time, weekly_study_time, updated_at) VALUES (49, 'user49', 153, 321, '2025-05-14 08:04:25');
INSERT INTO user_study_time (user_id, nickname, today_study_time, weekly_study_time, updated_at) VALUES (50, 'user50', 175, 557, '2025-05-14 08:04:25');
INSERT INTO user_study_time (user_id, nickname, today_study_time, weekly_study_time, updated_at) VALUES (51, 'user51', 28, 331, '2025-05-14 08:04:25');
INSERT INTO user_study_time (user_id, nickname, today_study_time, weekly_study_time, updated_at) VALUES (52, 'user52', 7, 389, '2025-05-14 08:04:25');
INSERT INTO user_study_time (user_id, nickname, today_study_time, weekly_study_time, updated_at) VALUES (53, 'user53', 17, 485, '2025-05-14 08:04:25');
INSERT INTO user_study_time (user_id, nickname, today_study_time, weekly_study_time, updated_at) VALUES (54, 'user54', 136, 215, '2025-05-14 08:04:25');
INSERT INTO user_study_time (user_id, nickname, today_study_time, weekly_study_time, updated_at) VALUES (55, 'user55', 121, 422, '2025-05-14 08:04:25');
INSERT INTO user_study_time (user_id, nickname, today_study_time, weekly_study_time, updated_at) VALUES (56, 'user56', 0, 123, '2025-05-14 08:04:25');
INSERT INTO user_study_time (user_id, nickname, today_study_time, weekly_study_time, updated_at) VALUES (57, 'user57', 23, 221, '2025-05-14 08:04:25');
INSERT INTO user_study_time (user_id, nickname, today_study_time, weekly_study_time, updated_at) VALUES (58, 'user58', 180, 285, '2025-05-14 08:04:25');
INSERT INTO user_study_time (user_id, nickname, today_study_time, weekly_study_time, updated_at) VALUES (59, 'user59', 48, 340, '2025-05-14 08:04:25');
INSERT INTO user_study_time (user_id, nickname, today_study_time, weekly_study_time, updated_at) VALUES (60, 'user60', 93, 405, '2025-05-14 08:04:25');
INSERT INTO user_study_time (user_id, nickname, today_study_time, weekly_study_time, updated_at) VALUES (61, 'user61', 22, 297, '2025-05-14 08:04:25');
INSERT INTO user_study_time (user_id, nickname, today_study_time, weekly_study_time, updated_at) VALUES (62, 'user62', 138, 697, '2025-05-14 08:04:25');
INSERT INTO user_study_time (user_id, nickname, today_study_time, weekly_study_time, updated_at) VALUES (63, 'user63', 8, 54, '2025-05-14 08:04:25');
INSERT INTO user_study_time (user_id, nickname, today_study_time, weekly_study_time, updated_at) VALUES (64, 'user64', 151, 622, '2025-05-14 08:04:25');
INSERT INTO user_study_time (user_id, nickname, today_study_time, weekly_study_time, updated_at) VALUES (65, 'user65', 4, 580, '2025-05-14 08:04:25');
INSERT INTO user_study_time (user_id, nickname, today_study_time, weekly_study_time, updated_at) VALUES (66, 'user66', 39, 233, '2025-05-14 08:04:25');
INSERT INTO user_study_time (user_id, nickname, today_study_time, weekly_study_time, updated_at) VALUES (67, 'user67', 83, 574, '2025-05-14 08:04:25');
INSERT INTO user_study_time (user_id, nickname, today_study_time, weekly_study_time, updated_at) VALUES (68, 'user68', 66, 595, '2025-05-14 08:04:25');
INSERT INTO user_study_time (user_id, nickname, today_study_time, weekly_study_time, updated_at) VALUES (69, 'user69', 160, 186, '2025-05-14 08:04:25');
INSERT INTO user_study_time (user_id, nickname, today_study_time, weekly_study_time, updated_at) VALUES (70, 'user70', 171, 424, '2025-05-14 08:04:25');
INSERT INTO user_study_time (user_id, nickname, today_study_time, weekly_study_time, updated_at) VALUES (71, 'user71', 92, 400, '2025-05-14 08:04:25');
INSERT INTO user_study_time (user_id, nickname, today_study_time, weekly_study_time, updated_at) VALUES (72, 'user72', 94, 286, '2025-05-14 08:04:25');
INSERT INTO user_study_time (user_id, nickname, today_study_time, weekly_study_time, updated_at) VALUES (73, 'user73', 100, 300, '2025-05-14 08:04:25');
INSERT INTO user_study_time (user_id, nickname, today_study_time, weekly_study_time, updated_at) VALUES (74, 'user74', 173, 758, '2025-05-14 08:04:25');
INSERT INTO user_study_time (user_id, nickname, today_study_time, weekly_study_time, updated_at) VALUES (75, 'user75', 149, 611, '2025-05-14 08:04:25');
INSERT INTO user_study_time (user_id, nickname, today_study_time, weekly_study_time, updated_at) VALUES (76, 'user76', 31, 729, '2025-05-14 08:04:25');
INSERT INTO user_study_time (user_id, nickname, today_study_time, weekly_study_time, updated_at) VALUES (77, 'user77', 133, 607, '2025-05-14 08:04:25');
INSERT INTO user_study_time (user_id, nickname, today_study_time, weekly_study_time, updated_at) VALUES (78, 'user78', 50, 62, '2025-05-14 08:04:25');
INSERT INTO user_study_time (user_id, nickname, today_study_time, weekly_study_time, updated_at) VALUES (79, 'user79', 107, 516, '2025-05-14 08:04:25');
INSERT INTO user_study_time (user_id, nickname, today_study_time, weekly_study_time, updated_at) VALUES (80, 'user80', 67, 217, '2025-05-14 08:04:25');
INSERT INTO user_study_time (user_id, nickname, today_study_time, weekly_study_time, updated_at) VALUES (81, 'user81', 169, 619, '2025-05-14 08:04:25');
INSERT INTO user_study_time (user_id, nickname, today_study_time, weekly_study_time, updated_at) VALUES (82, 'user82', 161, 760, '2025-05-14 08:04:25');
INSERT INTO user_study_time (user_id, nickname, today_study_time, weekly_study_time, updated_at) VALUES (83, 'user83', 89, 348, '2025-05-14 08:04:25');
INSERT INTO user_study_time (user_id, nickname, today_study_time, weekly_study_time, updated_at) VALUES (84, 'user84', 163, 688, '2025-05-14 08:04:25');
INSERT INTO user_study_time (user_id, nickname, today_study_time, weekly_study_time, updated_at) VALUES (85, 'user85', 12, 391, '2025-05-14 08:04:25');
INSERT INTO user_study_time (user_id, nickname, today_study_time, weekly_study_time, updated_at) VALUES (86, 'user86', 161, 611, '2025-05-14 08:04:25');
INSERT INTO user_study_time (user_id, nickname, today_study_time, weekly_study_time, updated_at) VALUES (87, 'user87', 46, 278, '2025-05-14 08:04:25');
INSERT INTO user_study_time (user_id, nickname, today_study_time, weekly_study_time, updated_at) VALUES (88, 'user88', 149, 588, '2025-05-14 08:04:25');
INSERT INTO user_study_time (user_id, nickname, today_study_time, weekly_study_time, updated_at) VALUES (89, 'user89', 61, 798, '2025-05-14 08:04:25');
INSERT INTO user_study_time (user_id, nickname, today_study_time, weekly_study_time, updated_at) VALUES (90, 'user90', 122, 335, '2025-05-14 08:04:25');
INSERT INTO user_study_time (user_id, nickname, today_study_time, weekly_study_time, updated_at) VALUES (91, 'user91', 57, 505, '2025-05-14 08:04:25');
INSERT INTO user_study_time (user_id, nickname, today_study_time, weekly_study_time, updated_at) VALUES (92, 'user92', 83, 579, '2025-05-14 08:04:25');
INSERT INTO user_study_time (user_id, nickname, today_study_time, weekly_study_time, updated_at) VALUES (93, 'user93', 144, 253, '2025-05-14 08:04:25');
INSERT INTO user_study_time (user_id, nickname, today_study_time, weekly_study_time, updated_at) VALUES (94, 'user94', 145, 466, '2025-05-14 08:04:25');
INSERT INTO user_study_time (user_id, nickname, today_study_time, weekly_study_time, updated_at) VALUES (95, 'user95', 42, 154, '2025-05-14 08:04:25');
INSERT INTO user_study_time (user_id, nickname, today_study_time, weekly_study_time, updated_at) VALUES (96, 'user96', 78, 494, '2025-05-14 08:04:25');
INSERT INTO user_study_time (user_id, nickname, today_study_time, weekly_study_time, updated_at) VALUES (97, 'user97', 87, 233, '2025-05-14 08:04:25');
INSERT INTO user_study_time (user_id, nickname, today_study_time, weekly_study_time, updated_at) VALUES (98, 'user98', 75, 362, '2025-05-14 08:04:25');
INSERT INTO user_study_time (user_id, nickname, today_study_time, weekly_study_time, updated_at) VALUES (99, 'user99', 78, 155, '2025-05-14 08:04:25');
INSERT INTO user_study_time (user_id, nickname, today_study_time, weekly_study_time, updated_at) VALUES (100, 'user100', 103, 648, '2025-05-14 08:04:25');